ig,ip,t1,t2,t3,t4,t5
1,1,2.7570121e-19,2.6246272999999997e-19,2.4946247e-19,2.3688267000000005e-19,2.2484207e-19
1,2,2.7507263e-19,2.6184045000000003e-19,2.4885661e-19,2.3630017e-19,2.2428714000000003e-19
1,3,2.7443831e-19,2.6121307e-19,2.4824623e-19,2.3571363e-19,2.2372858999999996e-19
1,4,2.7380347999999995e-19,2.6058579e-19,2.4763639e-19,2.3512792e-19,2.2317103e-19
1,5,2.7316803000000004e-19,2.599585e-19,2.4702697e-19,2.3454293e-19,2.2261439e-19
1,6,2.7252651000000004e-19,2.5932581e-19,2.4641277e-19,2.3395367e-19,2.2205388e-19
1,7,2.7191056e-19,2.5871896e-19,2.4582407999999997e-19,2.3338920000000003e-19,2.2151717e-19
1,8,2.7114484e-19,2.5796523e-19,2.4509342000000003e-19,2.3268894e-19,2.2085160000000003e-19
1,9,2.7021862000000003e-19,2.5705453000000003e-19,2.4421133e-19,2.3184408e-19,2.2004894e-19
1,10,2.6890933e-19,2.5576888e-19,2.4296735e-19,2.3065350000000003e-19,2.1891843e-19
1,11,2.6747171999999995e-19,2.5435975000000002e-19,2.4160571000000003e-19,2.2935157000000003e-19,2.1768305e-19
1,12,2.6596405e-19,2.5288475e-19,2.4018242e-19,2.279921e-19,2.1639403000000002e-19
1,13,2.6442313e-19,2.5138011e-19,2.3873263e-19,2.2660876e-19,2.1508332999999997e-19
1,14,2.6284852000000004e-19,2.4984555e-19,2.3725611e-19,2.2520138e-19,2.1373473e-19
1,15,2.6125532000000002e-19,2.4829586999999996e-19,2.357672e-19,2.2378364999999998e-19,2.1237202e-19
1,16,2.5963729e-19,2.4672507999999995e-19,2.3426013000000003e-19,2.2235011e-19,2.1099532e-19
1,17,2.5800352e-19,2.4514208e-19,2.3274352e-19,2.2090895999999997e-19,2.0961257000000002e-19
1,18,2.5656541000000004e-19,2.4375165e-19,2.3141348e-19,2.1964654e-19,2.0840260000000002e-19
1,19,2.5552595e-19,2.4274946e-19,2.3045677999999997e-19,2.1873981000000003e-19,2.0753491000000001e-19
1,20,2.557235e-19,2.429458e-19,2.3064826e-19,2.189241e-19,2.0771457999999997e-19
1,21,2.5648705e-19,2.4369188e-19,2.3136731000000003e-19,2.1961034e-19,2.0837678000000002e-19
1,22,2.5782644e-19,2.4499935e-19,2.326266e-19,2.2081158e-19,2.0953489999999998e-19
1,23,2.5938023999999997e-19,2.4652032e-19,2.3409442000000004e-19,2.2221371e-19,2.1088839000000001e-19
1,24,2.6100613e-19,2.4811857e-19,2.3564145e-19,2.2369469e-19,2.1232085999999999e-19
1,25,2.6268759000000004e-19,2.4978019e-19,2.3725583e-19,2.2524426e-19,2.1382133e-19
1,26,2.6429345000000004e-19,2.5137947e-19,2.3881809e-19,2.2674955999999997e-19,2.1525776e-19
1,27,2.6568150999999997e-19,2.5277933e-19,2.401973e-19,2.2808648e-19,2.1653895999999999e-19
1,28,2.6681770000000003e-19,2.5394856e-19,2.4136478999999998e-19,2.2922860000000003e-19,2.1764057e-19
1,29,2.6748465e-19,2.5467554e-19,2.4211692e-19,2.2998176e-19,2.1837874e-19
1,30,2.6782269e-19,2.5510234e-19,2.4259395e-19,2.304821e-19,2.1888401999999997e-19
1,31,2.6777205e-19,2.5517564000000003e-19,2.4274777999999996e-19,2.3068591e-19,2.1911655e-19
1,32,2.6726705e-19,2.5483804e-19,2.4252752e-19,2.3054758999999996e-19,2.1903510000000003e-19
1,33,2.6621253999999997e-19,2.5400487e-19,2.4185699e-19,2.2999808e-19,2.1857677e-19
1,34,2.6446718e-19,2.5254744e-19,2.4061824e-19,2.2892889000000003e-19,2.1764148e-19
1,35,2.6175814e-19,2.5020478e-19,2.3856326999999997e-19,2.2710558e-19,2.1600858999999998e-19
1,36,2.5797558999999996e-19,2.4688175e-19,2.3560841e-19,2.244537e-19,2.1361117000000002e-19
1,37,2.5304838e-19,2.425273e-19,2.3171676e-19,2.2094618e-19,2.1042903e-19
1,38,2.4691211999999997e-19,2.3710616e-19,2.2687271e-19,2.1658031e-19,2.0646773999999996e-19
1,39,2.3931682000000004e-19,2.3039588e-19,2.2087673e-19,2.1117537e-19,2.0156232e-19
1,40,2.2981117e-19,2.2194354000000003e-19,2.1328628e-19,2.0430511999999998e-19,1.9530575e-19
1,41,2.1801999e-19,2.1132445e-19,2.0365741000000002e-19,1.9552373e-19,1.8726029999999997e-19
1,42,2.0350893e-19,1.9790934e-19,1.9124959e-19,1.8403587e-19,1.7661171e-19
1,43,1.8697466e-19,1.8236973e-19,1.7670009e-19,1.7044154000000002e-19,1.6392195e-19
1,44,1.6919396e-19,1.6554642999999998e-19,1.6086766e-19,1.5558920999999998e-19,1.5001268e-19
1,45,1.5060353000000002e-19,1.4782689000000002e-19,1.4408988e-19,1.3977e-19,1.3513393e-19
1,46,1.3172785999999998e-19,1.2965663e-19,1.2673991e-19,1.2329245e-19,1.195384e-19
1,47,1.1313360000000002e-19,1.1149586e-19,1.091871e-19,1.0644826e-19,1.0345177e-19
1,48,9.5676147e-20,9.4374583e-20,9.2560836e-20,9.041280900000001e-20,8.8040272e-20
1,49,7.982706599999998e-20,7.878892e-20,7.7370048e-20,7.5698969e-20,7.3825037e-20
1,50,6.5908171e-20,6.509611e-20,6.3999032e-20,6.270764599999999e-20,6.124395600000001e-20
1,51,5.4009737000000007e-20,5.3390470999999993e-20,5.2552092e-20,5.1552103e-20,5.0431008e-20
1,52,4.4002483e-20,4.3514629999999996e-20,4.2860712e-20,4.2074852e-20,4.1211322000000004e-20
2,1,2.407663e-20,2.5450516e-20,2.6660904999999998e-20,2.7671931e-20,2.8474436e-20
2,2,2.4144486e-20,2.5511959999999998e-20,2.6713458e-20,2.7714659e-20,2.8507382000000004e-20
2,3,2.4212761000000003e-20,2.5573595e-20,2.6766046000000003e-20,2.7757314999999995e-20,2.8540187e-20
2,4,2.4280884999999998e-20,2.5634911e-20,2.6818232999999997e-20,2.7799547000000004e-20,2.8572581000000007e-20
2,5,2.4348867999999996e-20,2.5695918e-20,2.6870031000000004e-20,2.7841368e-20,2.8604577e-20
2,6,2.441729e-20,2.5757137000000006e-20,2.6921884e-20,2.7883138e-20,2.8636451e-20
2,7,2.4482794999999997e-20,2.5815577e-20,2.6971267999999997e-20,2.7922832000000004e-20,2.8666667999999995e-20
2,8,2.4563896999999997e-20,2.5887713e-20,2.7032066000000003e-20,2.7971572e-20,2.8703657e-20
2,9,2.4661502e-20,2.5974206000000003e-20,2.7104734000000002e-20,2.8029643e-20,2.8747558e-20
2,10,2.4798438e-20,2.6094975e-20,2.7205769e-20,2.8110026e-20,2.8807996e-20
2,11,2.4947476000000002e-20,2.6225657000000005e-20,2.7314542000000003e-20,2.8196114e-20,2.8872314e-20
2,12,2.5102262000000002e-20,2.6360555e-20,2.7426221000000004e-20,2.828401e-20,2.8937531000000006e-20
2,13,2.5258830999999998e-20,2.6496167999999998e-20,2.7537877000000003e-20,2.8371384e-20,2.9001896999999997e-20
2,14,2.5417081000000002e-20,2.6632398999999996e-20,2.7649422e-20,2.8458161e-20,2.9063173999999997e-20
2,15,2.5575392999999998e-20,2.6767857999999995e-20,2.7759725e-20,2.8543467e-20,2.9122147e-20
2,16,2.57343e-20,2.6903015000000003e-20,2.786918e-20,2.8627619999999996e-20,2.9179765000000003e-20
2,17,2.5892856e-20,2.7037086e-20,2.7977174e-20,2.8710168999999995e-20,2.9235748e-20
2,18,2.6031240000000005e-20,2.7153509999999995e-20,2.8070563e-20,2.8781273e-20,2.9283701e-20
2,19,2.6131485000000003e-20,2.723761e-20,2.813798299999999e-20,2.8832691e-20,2.931861e-20
2,20,2.6117227999999998e-20,2.7226116e-20,2.812967e-20,2.882759e-20,2.9317093999999995e-20
2,21,2.6051071999999997e-20,2.7171259e-20,2.8087064e-20,2.8797022999999996e-20,2.9299397e-20
2,22,2.593114e-20,2.7071014e-20,2.8008226000000004e-20,2.873927e-20,2.9264107000000007e-20
2,23,2.5790553e-20,2.6952679e-20,2.7914578e-20,2.8670194999999997e-20,2.9221366e-20
2,24,2.5642779e-20,2.6827332000000004e-20,2.7814841000000005e-20,2.8596327000000003e-20,2.9175482000000005e-20
2,25,2.5489681e-20,2.6696311e-20,2.7709993999999997e-20,2.8518399e-20,2.9126744e-20
2,26,2.5344841e-20,2.6571099999999995e-20,2.7609373e-20,2.8443697999999997e-20,2.9077090000000003e-20
2,27,2.5223709999999997e-20,2.646512e-20,2.752417e-20,2.8381197e-20,2.9036937999999994e-20
2,28,2.5131272e-20,2.6382887e-20,2.7458401000000005e-20,2.8334422000000003e-20,2.9009353e-20
2,29,2.5091375e-20,2.6345724e-20,2.743026e-20,2.8318256000000006e-20,2.9006e-20
2,30,2.5091135e-20,2.63425e-20,2.7430847999999997e-20,2.8326172000000004e-20,2.9022647999999993e-20
2,31,2.5137847000000003e-20,2.6379799999999997e-20,2.7466038e-20,2.8363351e-20,2.906384e-20
2,32,2.5239098999999995e-20,2.6464459e-20,2.7541954e-20,2.8435255e-20,2.9134425e-20
2,33,2.5404947999999998e-20,2.6605542e-20,2.7666662e-20,2.8548981000000004e-20,2.9240596e-20
2,34,2.5649202e-20,2.6815577000000004e-20,2.7851257999999997e-20,2.8714155e-20,2.9390564e-20
2,35,2.5997365e-20,2.7118039e-20,2.8116341e-20,2.8948151e-20,2.9598452e-20
2,36,2.6455473999999997e-20,2.7518707e-20,2.8467397e-20,2.9256114e-20,2.9869049e-20
2,37,2.7021757999999996e-20,2.8016263e-20,2.890386e-20,2.9638294999999996e-20,3.0203391e-20
2,38,2.7687832000000004e-20,2.8603612e-20,2.942046e-20,3.00913e-20,3.059984e-20
2,39,2.8454017e-20,2.9282632000000004e-20,3.0020051e-20,3.0618327e-20,3.1061468e-20
2,40,2.9326104e-20,3.0061797e-20,3.0711215e-20,3.1226341e-20,3.1592624e-20
2,41,3.0285880000000003e-20,3.0928295e-20,3.1483123999999994e-20,3.1904385e-20,3.218093e-20
2,42,3.131397e-20,3.1865194e-20,3.2314149e-20,3.2623588e-20,3.2789754e-20
2,43,3.2261896e-20,3.2728583e-20,3.3070996e-20,3.3264523e-20,3.3314708e-20
2,44,3.295419e-20,3.3352888e-20,3.3606012999999997e-20,3.3700631e-20,3.3650537000000003e-20
2,45,3.3258383e-20,3.3609667999999996e-20,3.3796873999999996e-20,3.3817492999999995e-20,3.369168e-20
2,46,3.3064689e-20,3.3383508e-20,3.3524142e-20,3.3494281000000003e-20,3.3318617999999995e-20
2,47,3.2328941000000005e-20,3.2603568e-20,3.2693988e-20,3.261868299999999e-20,3.2405637999999996e-20
2,48,3.096685e-20,3.1206082000000004e-20,3.1265566000000005e-20,3.117014200000001e-20,3.0941886000000003e-20
2,49,2.9020607e-20,2.9236292999999996e-20,2.9284438e-20,2.9192007000000004e-20,2.8968878e-20
2,50,2.6588651000000004e-20,2.6801069e-20,2.6861086e-20,2.6793509e-20,2.6602637999999998e-20
2,51,2.3829982999999996e-20,2.4055642000000002e-20,2.4144017999999996e-20,2.4112917e-20,2.3978287e-20
2,52,2.0970613e-20,2.1198084999999997e-20,2.1305426e-20,2.1304042999999998e-20,2.1219763e-20
3,1,1.894497e-21,2.0932618000000004e-21,2.2939297e-21,2.4922294e-21,2.6846479000000002e-21
3,2,1.9038483e-21,2.1028110000000002e-21,2.303451e-21,2.5015429000000002e-21,2.6936022e-21
3,3,1.9133161000000002e-21,2.1124648000000003e-21,2.3130662e-21,2.5109396e-21,2.7026289999999997e-21
3,4,1.922827e-21,2.1221481e-21,2.3227e-21,2.5203456999999997e-21,2.7116571e-21
3,5,1.9323874000000003e-21,2.1318670000000002e-21,2.3323584000000003e-21,2.5297666e-21,2.7206918000000002e-21
3,6,1.9420846e-21,2.1417097e-21,2.3421284999999997e-21,2.5392874e-21,2.7298144000000003e-21
3,7,1.9514546e-21,2.1512047e-21,2.3515418e-21,2.548451e-21,2.7385868999999998e-21
3,8,1.9631247000000002e-21,2.1630149000000002e-21,2.3632385e-21,2.5598272000000004e-21,2.7494686e-21
3,9,1.9772797999999998e-21,2.1773170000000002e-21,2.3773852e-21,2.5735708e-21,2.762601e-21
3,10,1.9972924e-21,2.1975014000000002e-21,2.3973216e-21,2.5929131000000003e-21,2.7810592000000004e-21
3,11,2.0193923e-21,2.2197328e-21,2.4192339000000003e-21,2.6141332e-21,2.8012750000000002e-21
3,12,2.0427389e-21,2.2431521e-21,2.4422648e-21,2.6363917999999998e-21,2.8224416000000002e-21
3,13,2.0668115e-21,2.2672293e-21,2.4658866e-21,2.6591736e-21,2.8440651e-21
3,14,2.0916559000000004e-21,2.2920051e-21,2.4901349e-21,2.6825099e-21,2.8659881e-21
3,15,2.1170894e-21,2.3172921e-21,2.5148219e-21,2.7062166000000005e-21,2.8881522e-21
3,16,2.1432648e-21,2.3432375e-21,2.5400878e-21,2.730426e-21,2.9107406e-21
3,17,2.1701138999999997e-21,2.3697676999999998e-21,2.5658563e-21,2.7550623e-21,2.9336821000000003e-21
3,18,2.1944728e-21,2.3937471e-21,2.5890777999999998e-21,2.7772108e-21,2.954273e-21
3,19,2.2133047e-21,2.4121889e-21,2.6068683e-21,2.7941343e-21,2.9699943e-21
3,20,2.2138249999999997e-21,2.4124837000000002e-21,2.6070166999999998e-21,2.7942059e-21,2.9700987e-21
3,21,2.2065808e-21,2.4050396999999997e-21,2.5996122999999997e-21,2.7870458e-21,2.9635035e-21
3,22,2.1917304e-21,2.3899641e-21,2.5847205e-21,2.7726853999999998e-21,2.9502146999999997e-21
3,23,2.1751837999999998e-21,2.3730545000000003e-21,2.567935e-21,2.756437e-21,2.9351412e-21
3,24,2.1595315e-21,2.3568393e-21,2.5516885e-21,2.7406077e-21,2.9204190999999998e-21
3,25,2.1455266e-21,2.3420245e-21,2.5366410999999997e-21,2.7258111e-21,2.9065915e-21
3,26,2.1357458e-21,2.3311409e-21,2.5252449e-21,2.7143904000000003e-21,2.8955698000000002e-21
3,27,2.1330095e-21,2.3269836e-21,2.5202285000000005e-21,2.7089705e-21,2.8901506e-21
3,28,2.1386353e-21,2.3308503999999996e-21,2.5228574e-21,2.7107719000000005e-21,2.8914997e-21
3,29,2.1567732e-21,2.3469144e-21,2.5372436999999997e-21,2.7237806000000003e-21,2.9034253e-21
3,30,2.1864667e-21,2.3741898999999997e-21,2.5624062e-21,2.7470432e-21,2.9250246000000002e-21
3,31,2.2298933000000003e-21,2.4148686999999998e-21,2.6005076000000002e-21,2.7826566999999997e-21,2.9583033999999998e-21
3,32,2.2894814e-21,2.4714255e-21,2.6540104e-21,2.8330194e-21,3.0055612e-21
3,33,2.3682317e-21,2.5469651e-21,2.7260346e-21,2.9011885e-21,3.0697368000000003e-21
3,34,2.4699152e-21,2.6454532e-21,2.8206044000000003e-21,2.9911291999999998e-21,3.1546522e-21
3,35,2.6003118e-21,2.7729971e-21,2.9439137000000003e-21,3.1089344e-21,3.2661703999999996e-21
3,36,2.7628516e-21,2.933441e-21,3.1000082e-21,3.2586603e-21,3.408225e-21
3,37,2.9600721e-21,3.1299702e-21,3.2924920000000002e-21,3.4440713e-21,3.5845427e-21
3,38,3.1932807e-21,3.3649958000000003e-21,3.5246538e-21,3.668956e-21,3.7990693000000005e-21
3,39,3.464857800000001e-21,3.6425212e-21,3.8018743e-21,3.9395465e-21,4.0583477e-21
3,40,3.779618e-21,3.9689512e-21,4.1319592000000005e-21,4.2645303999999995e-21,4.3713509999999994e-21
3,41,4.1428091999999995e-21,4.350238e-21,4.521595599999999e-21,4.6510818e-21,4.7453679e-21
3,42,4.5761548e-21,4.8045504e-21,4.984352200000001e-21,5.1085404000000004e-21,5.1866468000000005e-21
3,43,5.0702493e-21,5.3203504000000004e-21,5.5072455e-21,5.6232640000000006e-21,5.6815955999999996e-21
3,44,5.5919843e-21,5.8652383e-21,6.0613954e-21,6.1710288000000004e-21,6.2103339999999994e-21
3,45,6.1178048e-21,6.4122948e-21,6.6187860999999994e-21,6.7250165e-21,6.7485999e-21
3,46,6.6278764000000005e-21,6.933734199999999e-21,7.1447875e-21,7.247038899999999e-21,7.2580867e-21
3,47,7.1249956e-21,7.417035200000001e-21,7.6094339e-21,7.6928564e-21,7.686189900000001e-21
3,48,7.5184322e-21,7.7806785e-21,7.9459748e-21,8.0103881e-21,7.9904614e-21
3,49,7.766153400000001e-21,7.989712999999999e-21,8.1255814e-21,8.174118600000001e-21,8.1464628e-21
3,50,7.8361103e-21,8.0250944e-21,8.139054799999999e-21,8.1797895e-21,8.1537883e-21
3,51,7.7306699e-21,7.895456900000001e-21,7.997391499999998e-21,8.0371522e-21,8.021871299999999e-21
3,52,7.4921175e-21,7.6363305e-21,7.727420000000001e-21,7.7654045e-21,7.759439599999999e-21
4,1,2.3341267000000003e-22,2.7361282e-22,3.1707516e-22,3.6320965999999997e-22,4.1156551000000005e-22
4,2,2.3524347e-22,2.7561410000000004e-22,3.1921326e-22,3.6546221e-22,4.1391015e-22
4,3,2.3710335e-22,2.7764389999999997e-22,3.2137963e-22,3.677429e-22,4.1628233000000003e-22
4,4,2.3897808999999996e-22,2.7968651e-22,3.2355739e-22,3.7003382999999993e-22,4.1866328e-22
4,5,2.4086909e-22,2.8174331e-22,3.2574790000000004e-22,3.7233631e-22,4.210542599999999e-22
4,6,2.4279382e-22,2.8383312000000003e-22,3.2797105e-22,3.7467111e-22,4.2347669000000005e-22
4,7,2.4466015e-22,2.8585550999999997e-22,3.3011971e-22,3.769254e-22,4.2581326e-22
4,8,2.4699278999999996e-22,2.8837991e-22,3.3279961000000003e-22,3.7973531e-22,4.2872369e-22
4,9,2.4983441e-22,2.9145009e-22,3.3605565e-22,3.8314658e-22,4.322537900000001e-22
4,10,2.5387424e-22,2.9580801e-22,3.4067328e-22,3.8798073000000003e-22,4.372515999999999e-22
4,11,2.5836714999999997e-22,3.0064166e-22,3.4578641e-22,3.9332586000000007e-22,4.427688099999999e-22
4,12,2.6314972999999995e-22,3.0577199000000003e-22,3.5120322999999993e-22,3.9897896000000005e-22,4.485932300000001e-22
4,13,2.6811991e-22,3.1108742e-22,3.568042e-22,4.0481333999999993e-22,4.5459243e-22
4,14,2.7329052000000002e-22,3.1660034000000005e-22,3.6260107e-22,4.1083966999999997e-22,4.6074588e-22
4,15,2.7862655999999996e-22,3.2227182999999995e-22,3.6855121999999997e-22,4.1701179e-22,4.6702327e-22
4,16,2.8416282e-22,3.2813744999999997e-22,3.7469034e-22,4.2336496999999997e-22,4.734688400000001e-22
4,17,2.8988764e-22,3.3418277e-22,3.8100105999999997e-22,4.2987897e-22,4.8006029e-22
4,18,2.9511996e-22,3.3968184e-22,3.8671927e-22,4.3576002e-22,4.859917700000001e-22
4,19,2.991859e-22,3.439198e-22,3.9109557000000003e-22,4.4023361e-22,4.9048197999999995e-22
4,20,2.9928434e-22,3.4392422999999995e-22,3.9101497999999993e-22,4.400788299999999e-22,4.902758999999999e-22
4,21,2.9770085e-22,3.4211520999999997e-22,3.8900952999999997e-22,4.3791151e-22,4.8801775e-22
4,22,2.9449146e-22,3.3853881000000005e-22,3.8511649999999996e-22,4.3375912e-22,4.8372449e-22
4,23,2.9095232000000005e-22,3.3455743999999996e-22,3.807536e-22,4.2907875e-22,4.7886162e-22
4,24,2.8764777999999993e-22,3.3075662000000003e-22,3.7652457999999998e-22,4.244865200000001e-22,4.7404574e-22
4,25,2.8474432e-22,3.2729568e-22,3.7258373e-22,4.2013135000000004e-22,4.6941502e-22
4,26,2.8278698e-22,3.2473745999999997e-22,3.6950954000000004e-22,4.166034e-22,4.6551634e-22
4,27,2.8236070999999997e-22,3.2368898e-22,3.6792708000000002e-22,4.1454206000000002e-22,4.6304733e-22
4,28,2.8373699e-22,3.2441822e-22,3.6810069e-22,4.142077e-22,4.6226349e-22
4,29,2.8776962000000002e-22,3.2782425999999997e-22,3.7096267999999997e-22,4.1655806e-22,4.641395299999999e-22
4,30,2.9428301e-22,3.3368178999999996e-22,3.7624552999999995e-22,4.2128747e-22,4.6833684e-22
4,31,3.0376051000000003e-22,3.4247441e-22,3.8442968e-22,4.2886886e-22,4.7531656e-22
4,32,3.1675917999999993e-22,3.5476129e-22,3.9607173e-22,4.398498599999999e-22,4.8561113e-22
4,33,3.3398301000000004e-22,3.7125948999999994e-22,4.1189352e-22,4.5494685e-22,4.9992146e-22
4,34,3.5633271000000003e-22,3.9290415000000003e-22,4.3284919e-22,4.7511624e-22,5.1919062999999995e-22
4,35,3.8516292999999997e-22,4.2114473e-22,4.6044559e-22,5.0189002e-22,5.4495033e-22
4,36,4.2143670999999995e-22,4.570048799999999e-22,4.9573852e-22,5.3632346e-22,5.7822702e-22
4,37,4.660483e-22,5.0145159e-22,5.397429e-22,5.7944017e-22,6.2001265e-22
4,38,5.198041200000001e-22,5.554037700000001e-22,5.934774e-22,6.323128e-22,6.7137233e-22
4,39,5.8393014e-22,6.2033499e-22,6.5863955e-22,6.967950900000001e-22,7.3422187e-22
4,40,6.603516900000001e-22,6.9856793e-22,7.3788848e-22,7.7577860000000005e-22,8.1156509e-22
4,41,7.512991500000001e-22,7.9273912e-22,8.3418396e-22,8.7241414e-22,9.066199000000001e-22
4,42,8.6235551e-22,9.0875325e-22,9.532885400000001e-22,9.919880199999998e-22,1.024162e-21
4,43,9.941966599999999e-22,1.0469664e-21,1.0951695e-21,1.1340445e-21,1.1633614e-21
4,44,1.1436736e-21,1.20393e-21,1.2565208999999999e-21,1.2956865e-21,1.3217244e-21
4,45,1.3096845e-21,1.3780875e-21,1.4356024999999999e-21,1.4752671000000001e-21,1.4978578000000001e-21
4,46,1.4920763999999998e-21,1.5680016e-21,1.6297264e-21,1.6693048e-21,1.6880790999999998e-21
4,47,1.696295e-21,1.7759186999999998e-21,1.8369404e-21,1.8722376e-21,1.8847931e-21
4,48,1.9030525e-21,1.9813954000000002e-21,2.0381779e-21,2.067985e-21,2.0745554e-21
4,49,2.0983748999999998e-21,2.1701309999999998e-21,2.2199286000000002e-21,2.2442638e-21,2.2462006000000004e-21
4,50,2.2666477e-21,2.3289059000000002e-21,2.3715909e-21,2.392188e-21,2.3923865e-21
4,51,2.4025341e-21,2.4547068e-21,2.4910641999999998e-21,2.5090346e-21,2.5100636e-21
4,52,2.5137786999999998e-21,2.5552435000000002e-21,2.5840892e-21,2.5979038999999996e-21,2.5986284999999998e-21
5,1,3.2782237000000003e-23,3.9010985e-23,4.6620594e-23,5.5674849e-23,6.6266604e-23
5,2,3.304949000000001e-23,3.9342519000000003e-23,4.7018428000000003e-23,5.61432e-23,6.680930699999998e-23
5,3,3.3322968e-23,3.9680897999999996e-23,4.7423813e-23,5.6619923e-23,6.736111300000001e-23
5,4,3.360071e-23,4.0023609e-23,4.7833679e-23,5.7101347e-23,6.791771e-23
5,5,3.3883035e-23,4.0370965999999996e-23,4.8248346000000007e-23,5.7587789e-23,6.8479403e-23
5,6,3.4172694e-23,4.0726259999999996e-23,4.8671678000000005e-23,5.8083716e-23,6.905127900000001e-23
5,7,3.4456025e-23,4.1072530999999995e-23,4.9083304999999996e-23,5.856510700000001e-23,6.960550400000001e-23
5,8,3.4812497e-23,4.1507377000000006e-23,4.959966400000001e-23,5.9168497e-23,7.029952800000001e-23
5,9,3.5250386e-23,4.2040240000000006e-23,5.0231511e-23,5.9906036e-23,7.114679e-23
5,10,3.587865900000001e-23,4.2803366e-23,5.1135569e-23,6.0960522e-23,7.2356762e-23
5,11,3.6587280999999993e-23,4.3660455e-23,5.2148403e-23,6.2139441e-23,7.3706386e-23
5,12,3.7353281e-23,4.4582588e-23,5.323497600000001e-23,6.3401077e-23,7.514681099999999e-23
5,13,3.81623e-23,4.5551640999999993e-23,5.4373229e-23,6.471900899999999e-23,7.6646991e-23
5,14,3.9017960999999997e-23,4.6571360999999995e-23,5.556700400000001e-23,6.609700999999999e-23,7.8205366e-23
5,15,3.9916129e-23,4.7636063000000004e-23,5.6808887e-23,6.752566899999999e-23,7.9813509e-23
5,16,4.0864197999999995e-23,4.8753828e-23,5.8107577e-23,6.9014162e-23,8.148260400000001e-23
5,17,4.1862019e-23,4.9923502e-23,5.946069300000001e-23,7.0558663e-23,8.3207351e-23
5,18,4.279302e-23,5.1005005e-23,6.0702931e-23,7.196762599999999e-23,8.4771733e-23
5,19,4.3536310000000005e-23,5.1853901000000006e-23,6.1664669e-23,7.3045788e-23,8.5957374e-23
5,20,4.3595478e-23,5.1878729e-23,6.1653321e-23,7.2996971e-23,8.5873274e-23
5,21,4.3373263e-23,5.1556104e-23,6.1224343e-23,7.245788199999999e-23,8.5231199e-23
5,22,4.2889848999999995e-23,5.0904978e-23,6.0395611e-23,7.144460600000001e-23,8.404444699999998e-23
5,23,4.238084e-23,5.0200380999999995e-23,5.9484563e-23,7.0317956e-23,8.2713155e-23
5,24,4.1951187e-23,4.9561331000000006e-23,5.86258e-23,6.922865300000001e-23,8.1402631e-23
5,25,4.1637864000000004e-23,4.9024199999999996e-23,5.7855891e-23,6.8213611e-23,8.0149048e-23
5,26,4.1540390000000003e-23,4.8699483e-23,5.7297758e-23,6.740920999999999e-23,7.909383199999999e-23
5,27,4.1763012e-23,4.8702757e-23,5.7079443e-23,6.6957207e-23,7.840148100000001e-23
5,28,4.2361128e-23,4.9088297e-23,5.725450200000001e-23,6.691094400000001e-23,7.8125436e-23
5,29,4.3483511e-23,5.0023623999999996e-23,5.800955699999999e-23,6.7477428e-23,7.849399699999999e-23
5,30,4.5126262999999996e-23,5.1483167000000004e-23,5.929713600000001e-23,6.8586218e-23,7.941307900000001e-23
5,31,4.7396058000000003e-23,5.357290300000001e-23,6.1222725e-23,7.034219600000001e-23,8.0986554e-23
5,32,5.0420253000000005e-23,5.6419086e-23,6.3911567e-23,7.2869153e-23,8.333590200000001e-23
5,33,5.4359908e-23,6.0184203e-23,6.7527347e-23,7.6331138e-23,8.662413499999999e-23
5,34,5.9419049e-23,6.5079202e-23,7.228689399999999e-23,8.0949248e-23,9.1074432e-23
5,35,6.5882611e-23,7.141582e-23,7.852501800000001e-23,8.7077628e-23,9.705698900000001e-23
5,36,7.400114499999999e-23,7.9453207e-23,8.6505612e-23,9.4979312e-23,1.0482786000000001e-22
5,37,8.404327600000001e-23,8.946462199999999e-23,9.6502946e-23,1.0492297e-22,1.1464124999999999e-22
5,38,9.629766399999999e-23,1.0174243000000001e-22,1.0881153999999999e-22,1.1719923e-22,1.2677184999999999e-22
5,39,1.1114468e-22,1.1670599999999999e-22,1.2388733000000001e-22,1.3229280999999998e-22,1.4171712e-22
5,40,1.2909464e-22,1.3496283e-22,1.4242716999999998e-22,1.509727e-22,1.6029527999999997e-22
5,41,1.5074476e-22,1.572358e-22,1.6526809e-22,1.7415817e-22,1.8347421e-22
5,42,1.7726306e-22,1.8494221e-22,1.9399706000000002e-22,2.0349275999999998e-22,2.1289646000000004e-22
5,43,2.0933054e-22,2.1873672999999998e-22,2.291914e-22,2.3941711e-22,2.488404e-22
5,44,2.4712666000000003e-22,2.5867137e-22,2.7080665e-22,2.8181799e-22,2.9112557e-22
5,45,2.9120459e-22,3.0527574e-22,3.1934626000000003e-22,3.3117385e-22,3.4021727000000003e-22
5,46,3.4249430000000003e-22,3.5938676e-22,3.7546539e-22,3.879553e-22,3.9649462e-22
5,47,4.0357918e-22,4.232387e-22,4.4057535e-22,4.5272385e-22,4.6005845e-22
5,48,4.7191492e-22,4.934439400000001e-22,5.110721500000001e-22,5.2232721e-22,5.282842900000001e-22
5,49,5.449634900000002e-22,5.6686965999999995e-22,5.8383353000000005e-22,5.940951e-22,5.989663699999999e-22
5,50,6.1821931e-22,6.3904124e-22,6.550445499999999e-22,6.648957400000001e-22,6.6958637e-22
5,51,6.893043200000001e-22,7.0788953e-22,7.2278984e-22,7.325975499999999e-22,7.3799441e-22
5,52,7.611386e-22,7.763179900000001e-22,7.890835699999999e-22,7.9801838e-22,8.037017700000001e-22
6,1,4.9925144e-24,6.1062866e-24,7.5437543e-24,9.3788519e-24,1.1706503e-23
6,2,5.039610400000001e-24,6.1671428e-24,7.6216036e-24,9.477655e-24,1.1831234e-23
6,3,5.0878931e-24,6.229456700000001e-24,7.7012226e-24,9.578629600000001e-24,1.1958611999999998e-23
6,4,5.1370347e-24,6.292784700000001e-24,7.7820278e-24,9.681019599999999e-24,1.2087661000000002e-23
6,5,5.1871112e-24,6.3572031999999996e-24,7.864099200000001e-24,9.7849095e-24,1.2218469000000001e-23
6,6,5.2386315e-24,6.4233441999999994e-24,7.9482231e-24,9.8912761e-24,1.2352242999999998e-23
6,7,5.289207e-24,6.488082000000001e-24,8.0303722e-24,9.994976400000001e-24,1.2482464e-23
6,8,5.3529488e-24,6.5696373e-24,8.1338115e-24,1.0125519e-23,1.2646307999999999e-23
6,9,5.4314441e-24,6.669984599999999e-24,8.2609867e-24,1.0285942000000001e-23,1.2847499999999999e-23
6,10,5.5443001e-24,6.814344900000001e-24,8.443999e-24,1.0516886999999999e-23,1.3137044e-23
6,11,5.6722592e-24,6.977660799999998e-24,8.650698899999999e-24,1.0777416e-23,1.3463121e-23
6,12,5.8114766e-24,7.1548184e-24,8.874444300000002e-24,1.1058973e-23,1.3814741000000002e-23
6,13,5.959616999999999e-24,7.342651799999999e-24,9.1110788e-24,1.1356137e-23,1.4184876999999998e-23
6,14,6.117593800000001e-24,7.5421633e-24,9.361736500000001e-24,1.1670160000000001e-23,1.4573897e-23
6,15,6.2849345e-24,7.752544699999999e-24,9.625211699999999e-24,1.1999292000000001e-23,1.4979891e-23
6,16,6.4633057999999994e-24,7.9756966e-24,9.9036986e-24,1.2346026000000001e-23,1.5405949e-23
6,17,6.653034599999998e-24,8.211748399999999e-24,1.0197077999999999e-23,1.2709872000000001e-23,1.5851081e-23
6,18,6.832563099999999e-24,8.432803599999999e-24,1.0469593e-23,1.3045388e-23,1.6258729000000003e-23
6,19,6.978939900000001e-24,8.6091972e-24,1.0683230999999999e-23,1.330443e-23,1.6569401999999998e-23
6,20,6.997822999999999e-24,8.6199909e-24,1.0684134e-23,1.329316e-23,1.6544103e-23
6,21,6.965645799999999e-24,8.5620338e-24,1.0594486e-23,1.3164672e-23,1.6371083e-23
6,22,6.8873371e-24,8.4404851e-24,1.0419868e-23,1.2924924000000003e-23,1.6056370999999998e-23
6,23,6.8083912e-24,8.3121194e-24,1.023115e-23,1.2661949e-23,1.5707309e-23
6,24,6.749359499999999e-24,8.2016025e-24,1.0058226e-23,1.2412103000000001e-23,1.5367569e-23
6,25,6.718091900000001e-24,8.1169394e-24,9.909467900000001e-24,1.2184335e-23,1.5046597e-23
6,26,6.734030099999999e-24,8.0806172e-24,9.8112411e-24,1.2009966000000001e-23,1.4780109e-23
6,27,6.8175368e-24,8.115890700000001e-24,9.7904232e-24,1.1920513e-23,1.4606980999999998e-23
6,28,6.980428999999998e-24,8.2342896e-24,9.8583093e-24,1.1927132999999998e-23,1.4538379000000002e-23
6,29,7.252075299999999e-24,8.469537800000002e-24,1.0053896e-23,1.2075304999999999e-23,1.462778e-23
6,30,7.634983e-24,8.8190051e-24,1.0368564e-23,1.2349151e-23,1.4850553000000002e-23
6,31,8.1526589e-24,9.3061437e-24,1.0825867e-23,1.2772389e-23,1.5230566e-23
6,32,8.8334773e-24,9.959215800000001e-24,1.1454092999999999e-23,1.3373326000000002e-23,1.5796010000000002e-23
6,33,9.713291400000001e-24,1.0814561e-23,1.2290248e-23,1.418967e-23,1.6585159e-23
6,34,1.0837461e-23,1.191927e-23,1.3383367000000002e-23,1.5272467000000002e-23,1.7650963e-23
6,35,1.2268488e-23,1.3342083e-23,1.4808829000000002e-23,1.6703985999999996e-23,1.9082892999999997e-23
6,36,1.4065018e-23,1.5143929e-23,1.6629326000000003e-23,1.854775e-23,2.0943888000000003e-23
6,37,1.6291516000000004e-23,1.7390602e-23,1.8911124e-23,2.0869133e-23,2.329621e-23
6,38,1.9018474e-23,2.0153173000000002e-23,2.1724996000000002e-23,2.3737209e-23,2.6204524e-23
6,39,2.2337179000000002e-23,2.3531144e-23,2.5178360000000002e-23,2.7266295e-23,2.9787758000000006e-23
6,40,2.6370521e-23,2.7670333000000006e-23,2.9439977e-23,3.1646154e-23,3.4253683000000005e-23
6,41,3.1268584e-23,3.2754135e-23,3.4726036e-23,3.7120779999999994e-23,3.9867355e-23
6,42,3.7325578e-23,3.915309e-23,4.1474774e-23,4.4176398999999997e-23,4.7145607e-23
6,43,4.4758025000000004e-23,4.7093779e-23,4.9909274999999997e-23,5.301082699999999e-23,5.6245848e-23
6,44,5.3686799e-23,5.6674849e-23,6.009933199999999e-23,6.365650200000001e-23,6.7160744e-23
6,45,6.435453900000001e-23,6.815306800000001e-23,7.230333500000001e-23,7.6361115e-23,8.0127932e-23
6,46,7.7172462e-23,8.1954691e-23,8.692716999999999e-23,9.149222199999999e-23,9.5493121e-23
6,47,9.3163602e-23,9.908765900000002e-23,1.0483033000000001e-22,1.0973579e-22,1.1385824e-22
6,48,1.1207186e-22,1.190383e-22,1.2534153e-22,1.3044142e-22,1.3464073e-22
6,49,1.3359132e-22,1.4126507000000002e-22,1.4786741999999997e-22,1.5312042e-22,1.5746212e-22
6,50,1.564744e-22,1.6441902999999999e-22,1.7121195000000002e-22,1.7676665000000001e-22,1.8147094999999998e-22
6,51,1.7970022e-22,1.8752702e-22,1.9447094999999998e-22,2.0044498000000001e-22,2.0575086e-22
6,52,2.0428382999999997e-22,2.1160821000000002e-22,2.1845006e-22,2.2467526000000004e-22,2.3052697e-22
7,1,9.938052899999999e-25,1.2781476e-24,1.6670865e-24,2.1965946000000002e-24,2.9163744e-24
7,2,1.0054853000000001e-24,1.2940815e-24,1.6887758999999998e-24,2.2260347e-24,2.9562899e-24
7,3,1.0174795000000002e-24,1.3104334999999998e-24,1.7110157e-24,2.2562087e-24,2.9971762000000002e-24
7,4,1.0297055e-24,1.3270867e-24,1.7336424e-24,2.286891e-24,3.0387216e-24
7,5,1.0421806999999998e-24,1.3440597e-24,1.7566772000000002e-24,2.3181055999999998e-24,3.0809523999999997e-24
7,6,1.0550306999999998e-24,1.3615183000000002e-24,1.78034e-24,2.3501464e-24,3.124259e-24
7,7,1.0676510000000002e-24,1.3786268e-24,1.8034853999999997e-24,2.3814481000000004e-24,3.1665108e-24
7,8,1.0835997999999999e-24,1.400248e-24,1.8327289e-24,2.4209965000000002e-24,3.2198696999999995e-24
7,9,1.1033019e-24,1.4269502e-24,1.8688284e-24,2.4698098e-24,3.2856819e-24
7,10,1.1317881e-24,1.4656013e-24,1.9211125e-24,2.5405537000000005e-24,3.3810281e-24
7,11,1.1642388999999999e-24,1.5095748e-24,1.9805326000000004e-24,2.620901e-24,3.4891396e-24
7,12,1.1997114e-24,1.5575476999999999e-24,2.0452645e-24,2.7083384e-24,3.6065404e-24
7,13,1.2376291999999999e-24,1.6086944e-24,2.1141580000000002e-24,2.8012595e-24,3.7309817999999994e-24
7,14,1.2782459999999999e-24,1.6633180000000003e-24,2.1875917e-24,2.9001228000000002e-24,3.8627301e-24
7,15,1.3214491999999999e-24,1.7212137e-24,2.2652433e-24,3.0044197e-24,4.0011475e-24
7,16,1.3676808999999999e-24,1.7829238999999997e-24,2.3477929000000002e-24,3.1149842999999995e-24,4.1473145999999996e-24
7,17,1.4170241e-24,1.8484876e-24,2.4352181e-24,3.2316755999999997e-24,4.300905700000001e-24
7,18,1.4636367999999999e-24,1.9098622e-24,2.5164923e-24,3.339448600000001e-24,4.441822e-24
7,19,1.501114e-24,1.9582342000000003e-24,2.5795235e-24,3.4218693000000004e-24,4.5483001e-24
7,20,1.5035244e-24,1.9582019e-24,2.5760921000000003e-24,3.4137415e-24,4.5341556e-24
7,21,1.4913916e-24,1.9375233000000003e-24,2.5437582e-24,3.3656616e-24,4.4662032999999994e-24
7,22,1.4659774e-24,1.8976747e-24,2.4843313999999997e-24,3.2798061e-24,4.3469062000000005e-24
7,23,1.4394318000000003e-24,1.8548877e-24,2.4196009e-24,3.185331e-24,4.2144867e-24
7,24,1.4169691e-24,1.8158898000000002e-24,2.3583702e-24,3.0938286e-24,4.083984399999999e-24
7,25,1.4002463999999999e-24,1.7824724999999997e-24,2.3026490000000003e-24,3.0076388000000002e-24,3.9580917e-24
7,26,1.3938481000000004e-24,1.7603189e-24,2.2596116000000005e-24,2.9359975000000003e-24,3.8483084000000004e-24
7,27,1.4024157e-24,1.7550774e-24,2.2362488999999996e-24,2.8877521e-24,3.7664107e-24
7,28,1.4281621e-24,1.7689109e-24,2.2346631e-24,2.8649532000000006e-24,3.7144433999999994e-24
7,29,1.4777891e-24,1.8099688000000002e-24,2.2648983999999998e-24,2.8801582999999997e-24,3.708328299999999e-24
7,30,1.5506691000000002e-24,1.8760471000000003e-24,2.3227048999999995e-24,2.9263692000000003e-24,3.7374316e-24
7,31,1.6514483e-24,1.9718876e-24,2.4129777000000002e-24,3.0086601e-24,3.807018899999999e-24
7,32,1.7857137e-24,2.1031722e-24,2.5415512e-24,3.1330286999999997e-24,3.9232206e-24
7,33,1.9606294e-24,2.2773557999999997e-24,2.7162756e-24,3.3077825999999998e-24,4.0948156000000006e-24
7,34,2.1854577e-24,2.5043689e-24,2.9479238999999995e-24,3.5446781e-24,4.3346443e-24
7,35,2.4738665e-24,2.7999148999999997e-24,3.25465e-24,3.8647335e-24,4.6670766999999996e-24
7,36,2.8377477e-24,3.1766520000000003e-24,3.6498878e-24,4.2820239e-24,5.1064701e-24
7,37,3.2895404999999996e-24,3.6473661e-24,4.1466735000000004e-24,4.8095582000000005e-24,5.6651512000000005e-24
7,38,3.8418756000000004e-24,4.2244775e-24,4.757123799999999e-24,5.4588769000000004e-24,6.3533151e-24
7,39,4.5126615000000006e-24,4.9275695e-24,5.50289e-24,6.2539425999999996e-24,7.197114999999998e-24
7,40,5.3302087e-24,5.7909121e-24,6.4252449e-24,7.2437052e-24,8.2535363e-24
7,41,6.3326461e-24,6.8620881e-24,7.5825088e-24,8.497557400000002e-24,9.602482e-24
7,42,7.6076123e-24,8.255986899999999e-24,9.1178826e-24,1.0184971000000001e-23,1.1435833e-23
7,43,9.210826900000001e-24,1.003469e-23,1.1097866999999998e-23,1.2371001e-23,1.3810227e-23
7,44,1.1165494999999999e-23,1.2213496000000002e-23,1.3528313e-23,1.5048226000000003e-23,1.6702105e-23
7,45,1.3541028e-23,1.4869038e-23,1.6491022000000002e-23,1.829939e-23,2.0194092999999997e-23
7,46,1.6470131999999997e-23,1.8151575e-23,2.0145176e-23,2.2283363e-23,2.4445790000000002e-23
7,47,2.0308581e-23,2.2463714000000002e-23,2.4901257000000005e-23,2.7390573999999997e-23,2.9840195e-23
7,48,2.5029334999999996e-23,2.7697395999999996e-23,3.0569008e-23,3.3393019e-23,3.6142025e-23
7,49,3.0633555999999994e-23,3.3772424e-23,3.7015359e-23,4.0161374e-23,4.3244749e-23
7,50,3.6791311e-23,4.0269095000000004e-23,4.381346e-23,4.7301922999999993e-23,5.0783224e-23
7,51,4.3168294000000005e-23,4.6851919999999996e-23,5.0663870999999996e-23,5.4518492e-23,5.8457274e-23
7,52,5.0176279e-23,5.4031907e-23,5.8123633e-23,6.2366453e-23,6.679446699999999e-23
8,1,1.9793995e-25,2.6596636e-25,3.6607328e-25,5.1341561e-25,7.299639299999999e-25
8,2,2.0063665e-25,2.6990543e-25,3.7186383e-25,5.2191814e-25,7.424255e-25
8,3,2.0341275e-25,2.7396021999999998e-25,3.7782092e-25,5.3066163999999995e-25,7.5523286e-25
8,4,2.0624921e-25,2.7810189999999997e-25,3.8390105999999997e-25,5.395811699999999e-25,7.682891499999999e-25
8,5,2.0915003e-25,2.8233511e-25,3.9010985e-25,5.4868371e-25,7.8160275e-25
8,6,2.1214441e-25,2.8670128999999997e-25,3.9650681e-25,5.5805525e-25,7.9529737e-25
8,7,2.1509e-25,2.9098932e-25,4.0277916e-25,5.6723384e-25,8.086936499999999e-25
8,8,2.1882507e-25,2.9642957999999997e-25,4.1073614999999997e-25,5.7887714e-25,8.2567892e-25
8,9,2.2345773999999997e-25,3.0317959999999997e-25,4.2060601e-25,5.9331688e-25,8.467282e-25
8,10,2.3019923e-25,3.1302049999999997e-25,4.3500522e-25,6.143939199999999e-25,8.7743787e-25
8,11,2.3792753e-25,3.2429795e-25,4.5149215e-25,6.3851067999999995e-25,9.125181399999999e-25
8,12,2.4643062999999997e-25,3.3669318e-25,4.6959092e-25,6.6495760999999995e-25,9.509058e-25
8,13,2.5557905e-25,3.5000634e-25,4.889996e-25,6.932782599999999e-25,9.9190727e-25
8,14,2.6544235999999997e-25,3.6432861e-25,5.098423899999999e-25,7.236385699999999e-25,1.0356608e-24
8,15,2.7599942e-25,3.7961502e-25,5.3204045e-25,7.5590186e-25,1.0819711000000001e-24
8,16,2.8736503e-25,3.9601783e-25,5.5580109e-25,7.9034572e-25,1.1312198999999998e-24
8,17,2.9956344e-25,4.1355220999999996e-25,5.8112511e-25,8.2693797999999995e-25,1.1833122999999999e-24
8,18,3.1109867999999997e-25,4.2999254e-25,6.047157699999999e-25,8.6082215e-25,1.2312464e-24
8,19,3.2027625e-25,4.4281956e-25,6.2284285e-25,8.8652826e-25,1.2672138000000002e-24
8,20,3.2033959e-25,4.4206946e-25,6.2084869e-25,8.826615099999999e-25,1.2607163e-24
8,21,3.1653455e-25,4.3541793e-25,6.0996927e-25,8.6558457e-25,1.2350832e-24
8,22,3.0920306e-25,4.2331531e-25,5.9081999e-25,8.3612554e-25,1.1913628e-24
8,23,3.0145073e-25,4.1025937e-25,5.6994069e-25,8.037563799999999e-25,1.1429748e-24
8,24,2.945538e-25,3.9804202999999998e-25,5.498808499999999e-25,7.7212458e-25,1.0950541999999999e-24
8,25,2.8885555e-25,3.8706330999999996e-25,5.3112655e-25,7.418494099999999e-25,1.048387e-24
8,26,2.8539339e-25,3.7871831999999996e-25,5.155933899999999e-25,7.1561514e-25,1.0066354999999999e-24
8,27,2.8517235e-25,3.7432217999999997e-25,5.050437e-25,6.958439899999999e-25,9.7330247e-25
8,28,2.8856784e-25,3.742231e-25,4.9978405e-25,6.827851599999999e-25,9.4857664e-25
8,29,2.9701877e-25,3.8028273999999996e-25,5.022834399999999e-25,6.7977666e-25,9.3705086e-25
8,30,3.1015213999999997e-25,3.9163932e-25,5.109741499999999e-25,6.842185e-25,9.3464272e-25
8,31,3.2883722e-25,4.0918645e-25,5.2678524999999995e-25,6.970772899999999e-25,9.4235334e-25
8,32,3.5411911999999997e-25,4.3399228e-25,5.5081756e-25,7.1948368e-25,9.6132518e-25
8,33,3.8736407999999997e-25,4.674987999999999e-25,5.8461852e-25,7.531136099999999e-25,9.9337326e-25
8,34,4.3038253e-25,5.116893e-25,6.3040773e-25,8.0048873e-25,1.0413845e-24
8,35,4.860155699999999e-25,5.699416699999999e-25,6.9228695e-25,8.6665491e-25,1.1116226e-24
8,36,5.5658582e-25,6.4472856e-25,7.7289131e-25,9.5438915e-25,1.2069084e-24
8,37,6.4443464e-25,7.383936299999999e-25,8.7452214e-25,1.0658606000000002e-24,1.3290627e-24
8,38,7.5180765e-25,8.5298371e-25,9.9893642e-25,1.2024105000000001e-24,1.4787407e-24
8,39,8.822254899999999e-25,9.9228262e-25,1.1502691e-24,1.3686383999999998e-24,1.661081e-24
8,40,1.0419372e-24,1.1639258999999997e-24,1.3379562000000001e-24,1.5762315000000001e-24,1.8904998e-24
8,41,1.2397518e-24,1.3790371e-24,1.5760466999999997e-24,1.8426964e-24,2.1883221e-24
8,42,1.4970859e-24,1.6663753e-24,1.902253e-24,2.2156897e-24,2.6123007999999998e-24
8,43,1.8262314e-24,2.0402468999999996e-24,2.3327752999999995e-24,2.7120247000000002e-24,3.177636e-24
8,44,2.2310286999999997e-24,2.5025703e-24,2.8666638999999998e-24,3.3260964999999994e-24,3.8724013e-24
8,45,2.7272627e-24,3.071811e-24,3.5248648000000004e-24,4.0801549e-24,4.719785900000001e-24
8,46,3.3468847e-24,3.7871244e-24,4.3527486e-24,5.0234902e-24,5.7733242e-24
8,47,4.1809797e-24,4.761281999999999e-24,5.478461900000001e-24,6.2924687e-24,7.1811183e-24
8,48,5.2300338e-24,5.977903999999999e-24,6.862597e-24,7.8329605e-24,8.8837028e-24
8,49,6.508306500000001e-24,7.4343792e-24,8.4900198e-24,9.633319500000002e-24,1.0878266e-23
8,50,7.9391405e-24,9.0255147e-24,1.0247071e-23,1.1583291000000001e-23,1.3054005999999998e-23
8,51,9.424758199999998e-24,1.0645277000000001e-23,1.2030424e-23,1.3572626000000002e-23,1.5290797e-23
8,52,1.1077885e-23,1.2443394000000001e-23,1.401683e-23,1.5793698e-23,1.7792711999999998e-23
9,1,6.810653599999999e-26,8.566982599999999e-26,1.1276398e-25,1.551861e-25,2.2199653e-25
9,2,6.8787672e-26,8.6705686e-26,1.1437312e-25,1.577137e-25,2.2596874e-25
9,3,6.9489514e-26,8.777382899999999e-26,1.1603278999999999e-25,1.6032065999999998e-25,2.3006321999999997e-25
9,4,7.0207181e-26,8.8866648e-26,1.1773097e-25,1.6298778999999998e-25,2.3424927e-25
9,5,7.094158099999999e-26,8.998531599999999e-26,1.1946922999999999e-25,1.6571722999999999e-25,2.3852965e-25
9,6,7.170003099999999e-26,9.114076699999998e-26,1.2126429e-25,1.6853489e-25,2.4294437e-25
9,7,7.244597e-26,9.227654699999999e-26,1.2302763e-25,1.7130077999999999e-25,2.4727291e-25
9,8,7.339367e-26,9.372132099999999e-26,1.252721e-25,1.7482202999999998e-25,2.5278017999999997e-25
9,9,7.4571707e-26,9.551954199999999e-26,1.2806737999999998e-25,1.7920777e-25,2.5963348999999997e-25
9,10,7.6293456e-26,9.815507499999999e-26,1.3217101e-25,1.8565061e-25,2.6969313999999997e-25
9,11,7.8273651e-26,1.0119028e-25,1.3689952e-25,1.9307188e-25,2.812588e-25
9,12,8.0459356e-26,1.0454342e-25,1.4212451e-25,2.0126614e-25,2.9399948999999996e-25
9,13,8.281812499999999e-26,1.0816339e-25,1.4776446e-25,2.1010064e-25,3.0769819999999997e-25
9,14,8.5368916e-26,1.120779e-25,1.5386067999999999e-25,2.1963492e-25,3.2241342e-25
9,15,8.8106708e-26,1.1627683999999999e-25,1.6039401999999998e-25,2.2983195e-25,3.3808803e-25
9,16,9.1061929e-26,1.2080436e-25,1.6742944999999998e-25,2.4078531e-25,3.5485982e-25
9,17,9.424073399999999e-26,1.2566584999999998e-25,1.7496945e-25,2.5248841e-25,3.727024e-25
9,18,9.7239339e-26,1.3022474999999999e-25,1.8200423e-25,2.6334889e-25,3.8916452e-25
9,19,9.9590399e-26,1.3374145e-25,1.8736023e-25,2.7152705e-25,4.0144486e-25
9,20,9.9452969e-26,1.3332800999999998e-25,1.8648498e-25,2.6991199e-25,3.9872305e-25
9,21,9.8236023e-26,1.3117992e-25,1.8282621e-25,2.6388332e-25,3.8919425e-25
9,22,9.603358499999999e-26,1.2743883e-25,1.7659896e-25,2.5375615999999997e-25,3.7329335e-25
9,23,9.367653699999999e-26,1.2339224999999999e-25,1.6981681e-25,2.4265845e-25,3.5575902e-25
9,24,9.1492339e-26,1.1953512e-25,1.6324177e-25,2.317649e-25,3.3836585e-25
9,25,8.955252699999999e-26,1.1595892e-25,1.5699728999999998e-25,2.2124899e-25,3.2135469999999997e-25
9,26,8.810395199999999e-26,1.1301984e-25,1.5161355e-25,2.1191639e-25,3.0591248999999996e-25
9,27,8.7375224e-26,1.110356e-25,1.4754874e-25,2.0445030999999999e-25,2.9311107e-25
9,28,8.742280300000001e-26,1.1004927e-25,1.4482188e-25,1.9883384999999999e-25,2.8288649e-25
9,29,8.8571946e-26,1.1050245e-25,1.4405533e-25,1.9597356e-25,2.7658832e-25
9,30,9.0669104e-26,1.1209589999999998e-25,1.447133e-25,1.9495560999999999e-25,2.7272098999999997e-25
9,31,9.387230999999999e-26,1.1499324e-25,1.4696239e-25,1.9594443e-25,2.7143980999999997e-25
9,32,9.837146699999998e-26,1.1939032999999998e-25,1.5100048e-25,1.991319e-25,2.7291749e-25
9,33,1.0442381e-25,1.2556539e-25,1.5712951e-25,2.0484528e-25,2.7750605e-25
9,34,1.1238490999999998e-25,1.3392041999999998e-25,1.6581228e-25,2.1362649e-25,2.8584944e-25
9,35,1.2286683e-25,1.4520533e-25,1.7799583e-25,2.2670345e-25,2.9957598e-25
9,36,1.3632546e-25,1.5990746999999998e-25,1.9419366999999998e-25,2.4459873999999997e-25,3.1917839e-25
9,37,1.5319507e-25,1.7845545e-25,2.148014e-25,2.6762527e-25,3.4479445e-25
9,38,1.7385277e-25,2.0117490999999998e-25,2.4004492e-25,2.9583376e-25,3.7616872999999997e-25
9,39,1.9900356e-25,2.2883660999999998e-25,2.7077478999999996e-25,3.3017341999999996e-25,4.1436183e-25
9,40,2.3011373e-25,2.6323325e-25,3.0924218e-25,3.7352909999999997e-25,4.631235699999999e-25
9,41,2.6938773999999996e-25,3.0709213e-25,3.5889619e-25,4.3030976e-25,5.2809966e-25
9,42,3.2252497e-25,3.677719e-25,4.2936033e-25,5.1307251e-25,6.255025899999999e-25
9,43,3.9246730999999996e-25,4.486936299999999e-25,5.2454217e-25,6.2600089e-25,7.593419899999999e-25
9,44,4.7988742e-25,5.5013354e-25,6.4398862e-25,7.6734281e-25,9.2585434e-25
9,45,5.8889626e-25,6.7686902999999995e-25,7.9318222999999995e-25,9.4320508e-25,1.1318281000000002e-24
9,46,7.279406599999999e-25,8.391448599999999e-25,9.8436131e-25,1.1678754999999997e-24,1.3941424e-24
9,47,9.2049048e-25,1.0662075e-24,1.2529233999999998e-24,1.483e-24,1.7628478999999997e-24
9,48,1.1674618000000001e-24,1.3563741000000002e-24,1.5930953e-24,1.8789585e-24,2.2250095e-24
9,49,1.4753783e-24,1.7146926e-24,2.0083331000000002e-24,2.3599357999999998e-24,2.78662e-24
9,50,1.8308096e-24,2.1218383e-24,2.4750402e-24,2.8996313999999997e-24,3.4169858e-24
9,51,2.2143803000000002e-24,2.5544061e-24,2.9675818000000003e-24,3.4677675999999995e-24,4.0792149000000006e-24
9,52,2.6585391000000003e-24,3.0544971e-24,3.538392500000001e-24,4.1271474e-24,4.847349999999999e-24
10,1,4.532867e-27,5.6552703e-27,7.4841275e-27,1.0618876e-26,1.6048313999999997e-26
10,2,4.5758865999999995e-27,5.722589399999999e-27,7.5970826e-27,1.0814441e-26,1.6384851999999997e-26
10,3,4.6202002e-27,5.7921684999999996e-27,7.7140672e-27,1.1017013999999998e-26,1.673304e-26
10,4,4.6654980999999996e-27,5.863523e-27,7.834257099999999e-27,1.1225138e-26,1.7090312e-26
10,5,4.7118359e-27,5.9367375e-27,7.9577802e-27,1.1438998999999998e-26,1.7456924e-26
10,6,4.7596734999999994e-27,6.0125384999999995e-27,8.085848899999999e-27,1.1660656999999998e-26,1.7836341999999998e-26
10,7,4.8066869e-27,6.087200699999999e-27,8.212104699999999e-27,1.1879026999999999e-26,1.8209498999999997e-26
10,8,4.8664618e-27,6.1825041e-27,8.373605899999999e-27,1.2158368999999998e-26,1.8686216e-26
10,9,4.9408384e-27,6.3016323e-27,8.575946999999999e-27,1.2508293999999999e-26,1.9282348999999997e-26
10,10,5.0498261e-27,6.477407399999999e-27,8.875576599999999e-27,1.302654e-26,2.0163426e-26
10,11,5.1754463e-27,6.6813422e-27,9.224149e-27,1.3628823e-26,2.1184044e-26
10,12,5.314470799999999e-27,6.9084679e-27,9.6131952e-27,1.4299953999999998e-26,2.2317056e-26
10,13,5.4649681000000004e-27,7.155751399999999e-27,1.0037380999999999e-26,1.5030103e-26,2.3544575e-26
10,14,5.6283103e-27,7.4255171e-27,1.0500488999999999e-26,1.5825112e-26,2.4873267e-26
10,15,5.8043316e-27,7.7174589e-27,1.1001646999999999e-26,1.6682657e-26,2.6298827e-26
10,16,5.995173399999999e-27,8.0350548e-27,1.1546409999999999e-26,1.7611347e-26,2.7834672e-26
10,17,6.2013965e-27,8.3790324e-27,1.2135433e-26,1.8611181e-26,2.9479089e-26
10,18,6.3961306e-27,8.703112099999999e-27,1.2687733999999998e-26,1.9542977e-26,3.100176e-26
10,19,6.547356899999999e-27,8.951505e-27,1.3105971e-26,2.0241312e-26,3.2133066e-26
10,20,6.5302355e-27,8.909394999999999e-27,1.3017768999999998e-26,2.0074596999999998e-26,3.1842557e-26
10,21,6.4390934999999996e-27,8.7379084e-27,1.2701808e-26,1.9515976e-26,3.0904278e-26
10,22,6.2809162e-27,8.4494838e-27,1.2179021e-26,1.8598423999999998e-26,2.9366747e-26
10,23,6.1113138e-27,8.1391742e-27,1.161339e-26,1.7598985e-26,2.7680392e-26
10,24,5.9513342e-27,7.8422703e-27,1.1065315e-26,1.6619531999999997e-26,2.6011051e-26
10,25,5.8046803e-27,7.564253899999999e-27,1.0543432e-26,1.5673781e-26,2.4379699e-26
10,26,5.6859906e-27,7.3281678e-27,1.0086139e-26,1.4826503999999997e-26,2.2890806e-26
10,27,5.608199399999999e-27,7.1530342e-27,9.7238683e-27,1.4128473e-26,2.1632342000000002e-26
10,28,5.5729337e-27,7.0385514e-27,9.4530387e-27,1.3571118e-26,2.0588783e-26
10,29,5.598657299999999e-27,7.010550699999999e-27,9.313024699999999e-27,1.3218171e-26,1.9865396e-26
10,30,5.6731893e-27,7.045501899999999e-27,9.259229399999999e-27,1.2988161e-26,1.9320258999999997e-26
10,31,5.803777399999999e-27,7.150478199999999e-27,9.297945899999999e-27,1.2885673999999998e-26,1.8955014999999998e-26
10,32,5.9991906e-27,7.3341374e-27,9.4369785e-27,1.2916383999999998e-26,1.8771316999999998e-26
10,33,6.2718562e-27,7.6098339e-27,9.690508399999999e-27,1.309501e-26,1.8783959999999998e-26
10,34,6.6397004e-27,7.9980874e-27,1.0082589e-26,1.3450564e-26,1.9029088e-26
10,35,7.135933199999999e-27,8.540585799999999e-27,1.0668241e-26,1.4059635e-26,1.9617883999999998e-26
10,36,7.7829987e-27,9.2612242e-27,1.1471566000000001e-26,1.4943957e-26,2.0565403e-26
10,37,8.601080999999999e-27,1.0179370999999999e-26,1.2508051000000001e-26,1.6109101e-26,2.1857152000000002e-26
10,38,9.606061599999999e-27,1.1307311e-26,1.3781823999999997e-26,1.7542136999999998e-26,2.3448189e-26
10,39,1.0833604999999999e-26,1.2684878e-26,1.5337888999999997e-26,1.9294013999999997e-26,2.5395833999999997e-26
10,40,1.2365625e-26,1.4415233999999997e-26,1.7310819999999998e-26,2.1547557999999998e-26,2.79574e-26
10,41,1.4328328e-26,1.6659336999999998e-26,1.9910183999999998e-26,2.4584092e-26,3.1522072e-26
10,42,1.7063108999999998e-26,1.9867576999999998e-26,2.3739498999999998e-26,2.9234804e-26,3.7264595e-26
10,43,2.0748623e-26,2.4254059999999998e-26,2.9051939999999997e-26,3.5790228e-26,4.5500843e-26
10,44,2.5432940999999999e-26,2.9851021e-26,3.5844756e-26,4.4172024999999995e-26,5.6005142e-26
10,45,3.1391995e-26,3.6995517999999995e-26,4.4530699e-26,5.4886032e-26,6.939626599999999e-26
10,46,3.9210196e-26,4.6423754999999995e-26,5.6046669e-26,6.913794599999999e-26,8.723890699999998e-26
10,47,5.0541559999999995e-26,6.025749199999999e-26,7.315136599999999e-26,9.0558575e-26,1.1434441e-25
10,48,6.5747099e-26,7.8878964e-26,9.6212089e-26,1.194147e-25,1.5069445999999999e-25
10,49,8.5783985e-26,1.0343188e-25,1.2657809e-25,1.5726604e-25,1.9802062999999999e-25
10,50,1.1036593999999998e-25,1.3341493999999998e-25,1.6339771e-25,2.027099e-25,2.541669e-25
10,51,1.3843318e-25,1.6735186999999998e-25,2.0460244e-25,2.5283449e-25,3.1525091e-25
10,52,1.7273483999999999e-25,2.0867769e-25,2.5452394e-25,3.1316625e-25,3.8827508e-25
