,hPa,LBL_g1,LBLk_g1,PAR_g1,LBL_g2,LBLk_g2,PAR_g2,LBL_g3,LBLk_g3,PAR_g3,LBL_g4,LBLk_g4,PAR_g4,LBL_g5,LBLk_g5,PAR_g5,LBL_g6,LBLk_g6,PAR_g6,LBL_g7,LBLk_g7,PAR_g7,LBL_g8,LBLk_g8,PAR_g8,LBL_g9,LBLk_g9,PAR_g9,LBL_g10,LBLk_g10,PAR_g10,LBL_g11,LBLk_g11,PAR_g11,LBL_g12,LBLk_g12,PAR_g12,LBL_tot,LBLk_tot,PAR_tot,LBLk - LBL,PAR - LBL
0,0.0003,0.2354,0.22773000000000002,0.22791999999999998,0.09787,0.09236,0.09244,0.01795,0.01696,0.01697,0.00285,0.00251,0.00251,1e-05,1e-05,1e-05,5.9999999999999995e-05,5.9999999999999995e-05,5.9999999999999995e-05,0.00021,0.00016,0.00016,0.00011999999999999999,8e-05,8e-05,2e-05,2e-05,2e-05,1e-05,1e-05,1e-05,0.0,0.0,0.0,0.0,0.0,0.0,0.35451,0.3399,0.34018000000000004,-0.01461,-0.01432
1,0.0008,0.23401,0.22668000000000002,0.22687,0.09837,0.09286,0.09294,0.018119999999999997,0.01712,0.017130000000000003,0.0028899999999999998,0.0025399999999999997,0.00255,1e-05,1e-05,1e-05,7e-05,5.9999999999999995e-05,5.9999999999999995e-05,0.00021,0.00016,0.00016,0.00011999999999999999,9e-05,9e-05,2e-05,2e-05,2e-05,1e-05,1e-05,1e-05,0.0,0.0,0.0,0.0,0.0,0.0,0.35383000000000003,0.33955,0.33984000000000003,-0.014280000000000001,-0.01399
2,0.0011,0.232,0.22501999999999997,0.22521,0.09942000000000001,0.0939,0.09398,0.01846,0.01744,0.01745,0.00297,0.0026100000000000003,0.0026100000000000003,1e-05,1e-05,1e-05,7e-05,7e-05,7e-05,0.00022,0.00016999999999999999,0.00016999999999999999,0.00011999999999999999,9e-05,9e-05,2e-05,2e-05,2e-05,1e-05,1e-05,1e-05,0.0,0.0,0.0,0.0,0.0,0.0,0.35331,0.33933,0.33960999999999997,-0.01399,-0.0137
3,0.0015,0.22981999999999997,0.22324000000000002,0.22341999999999998,0.10048,0.09496,0.09504,0.01883,0.017759999999999998,0.01778,0.00305,0.00267,0.00268,1e-05,2e-05,2e-05,7e-05,7e-05,7e-05,0.00022999999999999998,0.00016999999999999999,0.00016999999999999999,0.00013000000000000002,9e-05,9e-05,2e-05,2e-05,2e-05,1e-05,1e-05,1e-05,0.0,0.0,0.0,0.0,0.0,0.0,0.35265,0.33901,0.33929000000000004,-0.013640000000000001,-0.013359999999999999
4,0.0021,0.22741999999999998,0.22132,0.2215,0.10152,0.09602999999999999,0.09611,0.0192,0.0181,0.01811,0.00313,0.00274,0.00274,1e-05,2e-05,2e-05,7e-05,7e-05,7e-05,0.00023999999999999998,0.00018,0.00018,0.00013000000000000002,9e-05,9e-05,2.9999999999999997e-05,2e-05,2e-05,1e-05,1e-05,1e-05,0.0,0.0,0.0,0.0,0.0,0.0,0.35176999999999997,0.33855999999999997,0.33885,-0.01321,-0.01293
5,0.0029,0.22476,0.21921,0.21939,0.10254,0.0971,0.09717999999999999,0.01958,0.018430000000000002,0.01845,0.00322,0.00281,0.00281,2e-05,2e-05,2e-05,8e-05,7e-05,7e-05,0.00025,0.00018,0.00018,0.00014,0.0001,0.0001,2.9999999999999997e-05,2e-05,2e-05,1e-05,1e-05,1e-05,0.0,0.0,0.0,0.0,0.0,0.0,0.35062,0.33795,0.33823000000000003,-0.01267,-0.01239
6,0.0041,0.22171999999999997,0.21688000000000002,0.21706,0.10354000000000001,0.09808,0.09816,0.019969999999999998,0.0188,0.01882,0.00331,0.0028899999999999998,0.0028899999999999998,2e-05,2e-05,2e-05,8e-05,8e-05,8e-05,0.00026000000000000003,0.00018999999999999998,0.00018999999999999998,0.00014,0.0001,0.0001,2.9999999999999997e-05,2e-05,2e-05,1e-05,1e-05,1e-05,0.0,0.0,0.0,0.0,0.0,0.0,0.34908,0.33707,0.33735,-0.01201,-0.011729999999999999
7,0.0057,0.21819000000000002,0.21424,0.21441999999999997,0.10449000000000001,0.099,0.09908,0.020380000000000002,0.0192,0.019209999999999998,0.0034100000000000003,0.00298,0.00298,2e-05,2e-05,2e-05,8e-05,8e-05,8e-05,0.00027,0.00018999999999999998,0.00018999999999999998,0.00015,0.0001,0.0001,2.9999999999999997e-05,2e-05,2e-05,1e-05,1e-05,1e-05,0.0,0.0,0.0,0.0,0.0,0.0,0.34703,0.33584,0.33612,-0.01119,-0.01091
8,0.008,0.21400999999999998,0.21115,0.21131999999999998,0.10539000000000001,0.09991,0.09999,0.0208,0.0196,0.01961,0.00351,0.00307,0.00307,2e-05,2e-05,2e-05,9e-05,9e-05,9e-05,0.00028,0.0002,0.0002,0.00016,0.00011,0.00011,2.9999999999999997e-05,2e-05,2e-05,1e-05,1e-05,1e-05,0.0,0.0,0.0,0.0,0.0,0.0,0.34429,0.33416999999999997,0.33444,-0.01012,-0.00985
9,0.0112,0.20897,0.20747,0.20763,0.10622000000000001,0.1008,0.10088,0.02122,0.02,0.02002,0.0036200000000000004,0.00316,0.00316,2e-05,2e-05,2e-05,9e-05,9e-05,9e-05,0.00029,0.00021,0.00021,0.00016,0.00011,0.00011,2.9999999999999997e-05,2e-05,2e-05,1e-05,1e-05,1e-05,0.0,0.0,0.0,0.0,0.0,0.0,0.34064,0.33189,0.33216,-0.00875,-0.00848
10,0.0158,0.20282999999999998,0.20298,0.20314000000000002,0.10695,0.10166,0.10174,0.02166,0.02041,0.02043,0.00373,0.00325,0.00325,2e-05,2e-05,2e-05,0.0001,9e-05,9e-05,0.0003,0.00022,0.00022,0.00016999999999999999,0.00011999999999999999,0.00011999999999999999,2.9999999999999997e-05,2e-05,2e-05,1e-05,1e-05,1e-05,0.0,0.0,0.0,0.0,0.0,0.0,0.33579000000000003,0.32878,0.32905,-0.00701,-0.00675
11,0.0221,0.19527,0.19743,0.19758,0.10754000000000001,0.10244,0.10253,0.022109999999999998,0.02084,0.02086,0.0038399999999999997,0.00335,0.00335,2e-05,2e-05,2e-05,0.0001,0.0001,0.0001,0.00031,0.00022999999999999998,0.00022999999999999998,0.00018,0.00011999999999999999,0.00011999999999999999,2.9999999999999997e-05,2.9999999999999997e-05,2.9999999999999997e-05,1e-05,1e-05,1e-05,0.0,0.0,0.0,0.0,0.0,0.0,0.32942,0.32456,0.32482,-0.00486,-0.0046
12,0.031,0.18599000000000002,0.19049000000000002,0.19063,0.10793,0.10313,0.10321,0.02257,0.021269999999999997,0.02129,0.00396,0.00345,0.00346,2e-05,2e-05,2e-05,0.00011,0.00011,0.00011,0.00032,0.00022999999999999998,0.00022999999999999998,0.00018999999999999998,0.00013000000000000002,0.00013000000000000002,2.9999999999999997e-05,2.9999999999999997e-05,2.9999999999999997e-05,1e-05,1e-05,1e-05,0.0,0.0,0.0,0.0,0.0,0.0,0.32114000000000004,0.31887,0.31911,-0.00227,-0.00203
13,0.0435,0.17478,0.1819,0.18203,0.10793,0.10357000000000001,0.10365,0.02299,0.02167,0.02168,0.004079999999999999,0.00355,0.00355,2.9999999999999997e-05,2.9999999999999997e-05,2.9999999999999997e-05,0.00011999999999999999,0.00011,0.00011,0.00033999999999999997,0.00023999999999999998,0.00023999999999999998,0.00018999999999999998,0.00013000000000000002,0.00013000000000000002,4e-05,2.9999999999999997e-05,2.9999999999999997e-05,1e-05,1e-05,1e-05,0.0,0.0,0.0,0.0,0.0,0.0,0.3105,0.31123,0.31146999999999997,0.00073,0.0009699999999999999
14,0.0611,0.16143,0.17128,0.1714,0.10737999999999999,0.10362,0.1037,0.02331,0.02198,0.022,0.00417,0.0036299999999999995,0.0036299999999999995,2.9999999999999997e-05,2.9999999999999997e-05,2.9999999999999997e-05,0.00011999999999999999,0.00011999999999999999,0.00011999999999999999,0.00035,0.00025,0.00025,0.0002,0.00014,0.00014,4e-05,2.9999999999999997e-05,2.9999999999999997e-05,1e-05,1e-05,1e-05,0.0,0.0,0.0,0.0,0.0,0.0,0.29704,0.30108,0.3013,0.00404,0.00426
15,0.0856,0.14557,0.15793,0.15802,0.10625,0.10332000000000001,0.10340999999999999,0.0236,0.02226,0.02228,0.00426,0.00371,0.00371,2.9999999999999997e-05,2.9999999999999997e-05,2.9999999999999997e-05,0.00013000000000000002,0.00011999999999999999,0.00011999999999999999,0.00036,0.00026000000000000003,0.00026000000000000003,0.0002,0.00014,0.00014,4e-05,2.9999999999999997e-05,2.9999999999999997e-05,1e-05,1e-05,1e-05,0.0,0.0,0.0,0.0,0.0,0.0,0.28045,0.28781999999999996,0.28802,0.007359999999999999,0.007559999999999999
16,0.1201,0.12721,0.14128,0.14134000000000002,0.10447000000000001,0.10269,0.10277,0.023880000000000002,0.02255,0.02257,0.00436,0.00379,0.0038,4e-05,4e-05,4e-05,0.00013000000000000002,0.00013000000000000002,0.00013000000000000002,0.00037,0.00026000000000000003,0.00026000000000000003,0.00021,0.00014,0.00014,4e-05,2.9999999999999997e-05,2.9999999999999997e-05,1e-05,1e-05,1e-05,0.0,0.0,0.0,0.0,0.0,0.0,0.26072,0.27092,0.2711,0.0102,0.01037
17,0.1685,0.10680999999999999,0.12115999999999999,0.1212,0.10185,0.10157000000000001,0.10165,0.02416,0.02285,0.022869999999999998,0.00446,0.00389,0.00389,5e-05,5e-05,5e-05,0.00014,0.00014,0.00014,0.00037999999999999997,0.00027,0.00027,0.00022,0.00015,0.00015,4e-05,2.9999999999999997e-05,2.9999999999999997e-05,1e-05,1e-05,1e-05,0.0,0.0,0.0,0.0,0.0,0.0,0.23811999999999997,0.25011,0.25026,0.012,0.01214
18,0.2364,0.08528999999999999,0.098,0.09801,0.09813,0.0998,0.09988,0.02444,0.02316,0.023180000000000003,0.00458,0.00399,0.00399,5.9999999999999995e-05,5.9999999999999995e-05,5.9999999999999995e-05,0.00015,0.00015,0.00015,0.00039,0.00028,0.00028,0.00022,0.00015,0.00015,4e-05,2.9999999999999997e-05,2.9999999999999997e-05,1e-05,1e-05,1e-05,0.0,0.0,0.0,0.0,0.0,0.0,0.21331999999999998,0.22563000000000002,0.22574,0.01231,0.01242
19,0.3315,0.06398,0.07307999999999999,0.07307000000000001,0.09306,0.09713,0.09721,0.02472,0.0235,0.02352,0.00471,0.00411,0.00411,7e-05,7e-05,7e-05,0.00016999999999999999,0.00016,0.00016,0.00041,0.00029,0.00029,0.00022999999999999998,0.00016,0.00016,4e-05,2.9999999999999997e-05,2.9999999999999997e-05,1e-05,1e-05,1e-05,0.0,0.0,0.0,0.0,0.0,0.0,0.1874,0.19854000000000002,0.19862,0.01114,0.01122
20,0.4651,0.044430000000000004,0.04871,0.04869,0.08637,0.09319,0.09325,0.02495,0.02384,0.02385,0.00486,0.00425,0.00426,9e-05,9e-05,9e-05,0.00018999999999999998,0.00018,0.00018,0.00042,0.0003,0.0003,0.00022999999999999998,0.00016,0.00016,4e-05,2.9999999999999997e-05,2.9999999999999997e-05,1e-05,1e-05,1e-05,0.0,0.0,0.0,0.0,0.0,0.0,0.1616,0.17076,0.17082,0.00916,0.00922
21,0.6524,0.02814,0.02795,0.02792,0.07732,0.087,0.08705,0.0247,0.023780000000000003,0.0238,0.00491,0.00433,0.00433,0.00011999999999999999,0.00011999999999999999,0.00011999999999999999,0.0002,0.00018999999999999998,0.00018999999999999998,0.00042,0.0003,0.0003,0.00022999999999999998,0.00016,0.00016,4e-05,2.9999999999999997e-05,2.9999999999999997e-05,1e-05,1e-05,1e-05,0.0,0.0,0.0,0.0,0.0,0.0,0.1361,0.14387,0.14392,0.00777,0.00782
22,0.9151,0.01586,0.01294,0.01292,0.06605,0.07836,0.0784,0.02385,0.023209999999999998,0.02323,0.00484,0.0043100000000000005,0.0043100000000000005,0.00016,0.00016,0.00016,0.00022,0.00021,0.00021,0.0004,0.00029,0.00029,0.00022,0.00015,0.00015,4e-05,2.9999999999999997e-05,2.9999999999999997e-05,1e-05,1e-05,1e-05,0.0,0.0,0.0,0.0,0.0,0.0,0.11164,0.11967,0.11972000000000001,0.008029999999999999,0.00808
23,1.2836,0.007670000000000001,0.004370000000000001,0.00436,0.053970000000000004,0.06796,0.06799,0.0229,0.02257,0.02259,0.00479,0.00432,0.00432,0.00021,0.00021,0.00021,0.00023999999999999998,0.00023999999999999998,0.00023999999999999998,0.00037999999999999997,0.00029,0.00029,0.0002,0.00014,0.00014,4e-05,2.9999999999999997e-05,2.9999999999999997e-05,1e-05,1e-05,1e-05,0.0,0.0,0.0,0.0,0.0,0.0,0.09041,0.10013999999999999,0.10017999999999999,0.009729999999999999,0.009770000000000001
24,1.8006,0.00307,0.00095,0.00095,0.04225,0.056220000000000006,0.05624,0.02207,0.022109999999999998,0.022119999999999997,0.00486,0.0044399999999999995,0.0044399999999999995,0.00028,0.00029,0.00029,0.00028,0.00028,0.00028,0.00037999999999999997,0.00029,0.00029,0.00018999999999999998,0.00013000000000000002,0.00013000000000000002,2.9999999999999997e-05,2.9999999999999997e-05,2.9999999999999997e-05,1e-05,1e-05,1e-05,0.0,0.0,0.0,0.0,0.0,0.0,0.07343,0.08475,0.08478,0.01132,0.01135
25,2.5257,0.00098,0.00011,0.00011,0.031810000000000005,0.043539999999999995,0.04355,0.021419999999999998,0.02182,0.021840000000000002,0.00507,0.00468,0.00468,0.00039,0.00039,0.00039,0.00033999999999999997,0.00033999999999999997,0.00033999999999999997,0.00037999999999999997,0.0003,0.0003,0.00018,0.00013000000000000002,0.00013000000000000002,2.9999999999999997e-05,2.9999999999999997e-05,2.9999999999999997e-05,1e-05,1e-05,1e-05,0.0,0.0,0.0,0.0,0.0,0.0,0.060610000000000004,0.07135,0.07137,0.010740000000000001,0.010759999999999999
26,3.5428,0.00023999999999999998,1e-05,1e-05,0.02324,0.030789999999999998,0.030780000000000002,0.021,0.0218,0.02181,0.00547,0.00511,0.00511,0.00054,0.00055,0.00055,0.00044,0.00043,0.00043,0.00039,0.00032,0.00032,0.00016999999999999999,0.00013000000000000002,0.00013000000000000002,2.9999999999999997e-05,2.9999999999999997e-05,2.9999999999999997e-05,1e-05,1e-05,1e-05,0.0,0.0,0.0,0.0,0.0,0.0,0.05152999999999999,0.059160000000000004,0.059179999999999996,0.00763,0.007640000000000001
27,4.9695,5e-05,0.0,0.0,0.0166,0.01916,0.01915,0.020909999999999998,0.02206,0.022080000000000002,0.0061600000000000005,0.00577,0.00577,0.0007599999999999999,0.0007599999999999999,0.0007599999999999999,0.00057,0.00056,0.00057,0.00043,0.00036,0.00036,0.00016999999999999999,0.00013000000000000002,0.00013000000000000002,2.9999999999999997e-05,2.9999999999999997e-05,2.9999999999999997e-05,1e-05,1e-05,1e-05,0.0,0.0,0.0,0.0,0.0,0.0,0.04568,0.048839999999999995,0.04885,0.00316,0.00316
28,6.9709,1e-05,0.0,0.0,0.01146,0.00995,0.009940000000000001,0.02114,0.022690000000000002,0.02271,0.0072299999999999994,0.00678,0.006790000000000001,0.00106,0.00106,0.00106,0.0007599999999999999,0.0007599999999999999,0.0007599999999999999,0.00049,0.00043,0.00043,0.00018,0.00014,0.00014,2.9999999999999997e-05,2.9999999999999997e-05,2.9999999999999997e-05,1e-05,1e-05,1e-05,0.0,0.0,0.0,0.0,0.0,0.0,0.04236,0.04185,0.04186,-0.0005099999999999999,-0.0005
29,9.7781,0.0,0.0,0.0,0.00728,0.00396,0.00395,0.02134,0.0233,0.02332,0.008740000000000001,0.008159999999999999,0.008159999999999999,0.00148,0.00148,0.00148,0.00103,0.0010199999999999999,0.0010199999999999999,0.00058,0.0005200000000000001,0.0005200000000000001,0.00018999999999999998,0.00015,0.00015,2.9999999999999997e-05,2.9999999999999997e-05,2.9999999999999997e-05,1e-05,1e-05,1e-05,0.0,0.0,0.0,0.0,0.0,0.0,0.04068,0.03862,0.03864,-0.00206,-0.0020399999999999997
30,13.7158,0.0,0.0,0.0,0.0039299999999999995,0.00108,0.00107,0.02086,0.02355,0.023569999999999997,0.01078,0.010029999999999999,0.01004,0.00206,0.00207,0.00207,0.00141,0.0014,0.0014,0.0007099999999999999,0.00064,0.00065,0.00021,0.00018,0.00018,4e-05,2.9999999999999997e-05,2.9999999999999997e-05,1e-05,1e-05,1e-05,0.0,0.0,0.0,0.0,0.0,0.0,0.040010000000000004,0.03899,0.03901,-0.0010199999999999999,-0.001
31,19.2394,0.0,0.0,0.0,0.00165,0.00016999999999999999,0.00016999999999999999,0.018869999999999998,0.022609999999999998,0.022619999999999998,0.01335,0.01241,0.01242,0.00288,0.00288,0.00288,0.0019399999999999999,0.0019,0.0019,0.0008900000000000001,0.00082,0.00082,0.00023999999999999998,0.00021,0.00021,4e-05,4e-05,4e-05,1e-05,1e-05,1e-05,0.0,0.0,0.0,0.0,0.0,0.0,0.039869999999999996,0.04104,0.041069999999999995,0.00118,0.0012
32,26.9872,0.0,0.0,0.0,0.00053,1e-05,1e-05,0.01505,0.01963,0.01963,0.01623,0.015390000000000001,0.0154,0.00399,0.00399,0.004,0.00267,0.0026100000000000003,0.0026100000000000003,0.00115,0.00107,0.00107,0.00028,0.00025,0.00025,5e-05,4e-05,4e-05,1e-05,1e-05,1e-05,0.0,0.0,0.0,0.0,0.0,0.0,0.03997,0.043,0.043019999999999996,0.0030399999999999997,0.00305
33,37.8553,0.0,0.0,0.0,0.00015,0.0,0.0,0.010159999999999999,0.014,0.01399,0.018680000000000002,0.01866,0.018680000000000002,0.00547,0.00547,0.00547,0.00367,0.00355,0.0035600000000000002,0.00151,0.00141,0.00141,0.00035,0.00032,0.00032,5.9999999999999995e-05,5e-05,5e-05,1e-05,1e-05,1e-05,0.0,0.0,0.0,0.0,0.0,0.0,0.040060000000000005,0.04347,0.04349,0.0034100000000000003,0.00343
34,53.1,0.0,0.0,0.0,4e-05,0.0,0.0,0.00562,0.00713,0.0071200000000000005,0.01944,0.02163,0.02165,0.007370000000000001,0.007379999999999999,0.007390000000000001,0.00499,0.0048200000000000005,0.0048200000000000005,0.00199,0.00186,0.00186,0.00044,0.00041,0.00041,7e-05,5.9999999999999995e-05,5.9999999999999995e-05,2e-05,2e-05,2e-05,0.0,0.0,0.0,0.0,0.0,0.0,0.03997,0.04333,0.04334,0.00335,0.00337
35,73.8875,0.0,0.0,0.0,1e-05,0.0,0.0,0.00267,0.00218,0.00218,0.01747,0.02285,0.02285,0.00951,0.009609999999999999,0.00962,0.006659999999999999,0.00642,0.00642,0.00262,0.00245,0.00246,0.00057,0.00053,0.00053,9e-05,8e-05,8e-05,2e-05,2e-05,2e-05,0.0,0.0,0.0,0.0,0.0,0.0,0.03963,0.04415,0.04417,0.004520000000000001,0.00454
36,97.6625,0.0,0.0,0.0,0.0,0.0,0.0,0.0014,0.00041,0.00041,0.013890000000000001,0.02119,0.0212,0.0113,0.01153,0.01154,0.00837,0.00805,0.00806,0.00331,0.0030800000000000003,0.0030800000000000003,0.0007099999999999999,0.00067,0.00067,0.00011,0.0001,0.0001,2e-05,2e-05,2e-05,0.0,0.0,0.0,0.0,0.0,0.0,0.03912,0.04506,0.04508,0.00595,0.0059700000000000005
37,121.4375,0.0,0.0,0.0,0.0,0.0,0.0,0.0008900000000000001,5.9999999999999995e-05,5.9999999999999995e-05,0.01057,0.01785,0.01785,0.012459999999999999,0.01294,0.01295,0.00999,0.00962,0.00963,0.0040100000000000005,0.00372,0.00372,0.00086,0.0008,0.0008,0.00013000000000000002,0.00011999999999999999,0.00011999999999999999,2.9999999999999997e-05,2.9999999999999997e-05,2.9999999999999997e-05,1e-05,0.0,0.0,0.0,0.0,0.0,0.038939999999999995,0.04515,0.04517,0.00621,0.006229999999999999
38,145.2125,0.0,0.0,0.0,0.0,0.0,0.0,0.00082,1e-05,1e-05,0.01007,0.01763,0.01762,0.01731,0.0184,0.01841,0.0156,0.015130000000000001,0.01514,0.00644,0.00596,0.0059700000000000005,0.0013800000000000002,0.0012900000000000001,0.0012900000000000001,0.0002,0.0002,0.0002,5e-05,4e-05,4e-05,1e-05,1e-05,1e-05,0.0,0.0,0.0,0.05189,0.05865,0.05867000000000001,0.0067599999999999995,0.00678
39,168.9875,0.0,0.0,0.0,0.0,0.0,0.0,0.00072,0.0,0.0,0.00801,0.01286,0.01285,0.02052,0.022359999999999998,0.022359999999999998,0.022180000000000002,0.02168,0.0217,0.00958,0.00883,0.00884,0.00207,0.0019100000000000002,0.0019199999999999998,0.00031,0.00029,0.00029,7e-05,5.9999999999999995e-05,5.9999999999999995e-05,1e-05,1e-05,1e-05,0.0,0.0,0.0,0.06347,0.06802000000000001,0.06803,0.00455,0.00456
40,192.7625,0.0,0.0,0.0,0.0,0.0,0.0,0.00062,0.0,0.0,0.00584,0.0068,0.006790000000000001,0.021240000000000002,0.02355,0.02355,0.02953,0.02925,0.029269999999999997,0.013630000000000001,0.0125,0.01251,0.00298,0.0027300000000000002,0.00274,0.00044,0.00042,0.00042,0.0001,9e-05,9e-05,2e-05,2e-05,2e-05,0.0,0.0,0.0,0.07439,0.07537,0.07537999999999999,0.00098,0.001
41,216.5375,0.0,0.0,0.0,0.0,0.0,0.0,0.0005,0.0,0.0,0.004070000000000001,0.0023899999999999998,0.00238,0.01826,0.02009,0.02008,0.03472,0.03508,0.0351,0.01747,0.016030000000000003,0.01605,0.0038799999999999998,0.00355,0.00355,0.00057,0.00054,0.00054,0.00013000000000000002,0.00011999999999999999,0.00011999999999999999,2e-05,2e-05,2e-05,0.0,0.0,0.0,0.07962000000000001,0.07783,0.07785,-0.00179,-0.0017699999999999999
42,240.3125,0.0,0.0,0.0,0.0,0.0,0.0,0.0004,0.0,0.0,0.0031,0.0006,0.0006,0.0142,0.0147,0.01468,0.038560000000000004,0.03978,0.0398,0.02157,0.019780000000000002,0.019790000000000002,0.00489,0.00445,0.00445,0.00072,0.0006799999999999999,0.0006799999999999999,0.00016,0.00015,0.00015,2.9999999999999997e-05,2.9999999999999997e-05,2.9999999999999997e-05,0.0,0.0,0.0,0.08363,0.08017,0.08019,-0.0034700000000000004,-0.00344
43,264.0875,0.0,0.0,0.0,0.0,0.0,0.0,0.00032,0.0,0.0,0.0026100000000000003,0.00011,0.00011,0.0103,0.009340000000000001,0.00933,0.041460000000000004,0.04384,0.04386,0.02634,0.02421,0.02423,0.00614,0.00556,0.00556,0.00091,0.00085,0.00086,0.0002,0.00018999999999999998,0.00018999999999999998,4e-05,2.9999999999999997e-05,2.9999999999999997e-05,1e-05,1e-05,1e-05,0.08832000000000001,0.08413999999999999,0.08416,-0.00418,-0.0041600000000000005
44,287.8625,0.0,0.0,0.0,0.0,0.0,0.0,0.00026000000000000003,0.0,0.0,0.00232,1e-05,1e-05,0.0069,0.005,0.00499,0.04294,0.04659,0.0466,0.03171,0.029310000000000003,0.029330000000000002,0.007640000000000001,0.0069,0.0069,0.00114,0.00107,0.00107,0.00025,0.00022999999999999998,0.00022999999999999998,4e-05,4e-05,4e-05,1e-05,1e-05,1e-05,0.09322000000000001,0.08916,0.08918,-0.004070000000000001,-0.00404
45,311.6375,0.0,0.0,0.0,0.0,0.0,0.0,0.00022,0.0,0.0,0.00215,0.0,0.0,0.00425,0.00218,0.00217,0.04286,0.047439999999999996,0.04745,0.03768,0.035039999999999995,0.03507,0.00948,0.00851,0.00851,0.00143,0.00133,0.00133,0.00032,0.00029,0.00029,5.9999999999999995e-05,5e-05,5e-05,1e-05,1e-05,1e-05,0.09846,0.09485,0.09487999999999999,-0.0036,-0.0035700000000000003
46,335.4125,0.0,0.0,0.0,0.0,0.0,0.0,0.00018,0.0,0.0,0.00205,0.0,0.0,0.0024,0.00075,0.00075,0.04141,0.04649,0.04648,0.04444,0.04193,0.04195,0.0118,0.0106,0.01061,0.0018100000000000002,0.00168,0.00168,0.0004,0.00036,0.00036,7e-05,5.9999999999999995e-05,5.9999999999999995e-05,1e-05,1e-05,1e-05,0.10457999999999999,0.10189,0.10192000000000001,-0.0026899999999999997,-0.00266
47,359.1875,0.0,0.0,0.0,0.0,0.0,0.0,0.00015,0.0,0.0,0.00199,0.0,0.0,0.00121,0.00018999999999999998,0.00018999999999999998,0.03848,0.043039999999999995,0.04303,0.05175,0.04965,0.04968,0.01466,0.0132,0.01321,0.00229,0.00213,0.00214,0.0005099999999999999,0.00045999999999999996,0.00045999999999999996,9e-05,8e-05,8e-05,1e-05,1e-05,1e-05,0.11115,0.10878,0.1088,-0.00237,-0.00235
48,382.9625,0.0,0.0,0.0,0.0,0.0,0.0,0.00015,0.0,0.0,0.00236,0.0,0.0,0.0006,4e-05,4e-05,0.041210000000000004,0.04451,0.044469999999999996,0.0737,0.07224,0.07228,0.02278,0.02054,0.02055,0.00366,0.0034,0.0034,0.00081,0.00073,0.00073,0.00014,0.00013000000000000002,0.00013000000000000002,2e-05,2e-05,2e-05,0.14544,0.14160999999999999,0.14163,-0.0038399999999999997,-0.00381
49,406.7375,0.0,0.0,0.0,0.0,0.0,0.0,0.00014,0.0,0.0,0.00277,0.0,0.0,0.00018999999999999998,0.0,0.0,0.03913,0.03802,0.03796,0.10422000000000001,0.10570999999999998,0.10575,0.036739999999999995,0.03333,0.03336,0.00613,0.0056700000000000006,0.005679999999999999,0.00137,0.00122,0.00122,0.00023999999999999998,0.00022,0.00022,4e-05,4e-05,4e-05,0.19095,0.18420999999999998,0.18423,-0.00675,-0.00672
50,430.5125,0.0,0.0,0.0,0.0,0.0,0.0,0.0001,0.0,0.0,0.0028699999999999997,0.0,0.0,2.9999999999999997e-05,0.0,0.0,0.027989999999999998,0.02115,0.0211,0.12772,0.13589,0.13593,0.05463,0.05028,0.05032,0.00962,0.00891,0.00892,0.00216,0.00193,0.00193,0.00037,0.00033999999999999997,0.00033999999999999997,5.9999999999999995e-05,5.9999999999999995e-05,5.9999999999999995e-05,0.22555999999999998,0.21857,0.2186,-0.0069900000000000006,-0.006959999999999999
51,454.2875,0.0,0.0,0.0,0.0,0.0,0.0,5e-05,0.0,0.0,0.00267,0.0,0.0,0.0,0.0,0.0,0.01485,0.00683,0.0068,0.1348,0.15049,0.15049,0.07506,0.07048,0.07053,0.01425,0.013219999999999999,0.01323,0.00324,0.0028699999999999997,0.0028699999999999997,0.00056,0.0005099999999999999,0.0005099999999999999,9e-05,9e-05,9e-05,0.24558000000000002,0.24449,0.24452,-0.00109,-0.00105
52,478.0625,0.0,0.0,0.0,0.0,0.0,0.0,2e-05,0.0,0.0,0.00227,0.0,0.0,0.0,0.0,0.0,0.0057799999999999995,0.0011300000000000001,0.00112,0.1225,0.14059000000000002,0.14053,0.0952,0.09186,0.09191,0.020030000000000003,0.0186,0.018619999999999998,0.00462,0.004079999999999999,0.004079999999999999,0.0008,0.00073,0.00073,0.00013000000000000002,0.00013000000000000002,0.00013000000000000002,0.25136,0.25711999999999996,0.25713,0.00576,0.00577
53,501.8375,0.0,0.0,0.0,0.0,0.0,0.0,1e-05,0.0,0.0,0.00179,0.0,0.0,0.0,0.0,0.0,0.00168,8e-05,8e-05,0.09677000000000001,0.10844000000000001,0.10834,0.11148,0.11137999999999999,0.11143,0.02684,0.024990000000000002,0.02501,0.00633,0.00556,0.00556,0.0011099999999999999,0.001,0.001,0.00018999999999999998,0.00018,0.00018,0.24619000000000002,0.25163,0.25161,0.0054399999999999995,0.00542
54,525.6125,0.0,0.0,0.0,0.0,0.0,0.0,0.0,0.0,0.0,0.00134,0.0,0.0,0.0,0.0,0.0,0.00039,0.0,0.0,0.06729,0.06766,0.06755,0.12055999999999999,0.12598,0.12602,0.0344,0.0323,0.03232,0.00835,0.00732,0.00733,0.00147,0.00132,0.00133,0.00025,0.00023999999999999998,0.00023999999999999998,0.23405,0.23481999999999997,0.23479,0.00078,0.00074
55,549.3875,0.0,0.0,0.0,0.0,0.0,0.0,0.0,0.0,0.0,0.00095,0.0,0.0,0.0,0.0,0.0,8e-05,0.0,0.0,0.041569999999999996,0.03321,0.03313,0.12063,0.13199,0.13201,0.04226,0.040080000000000005,0.04011,0.01066,0.00932,0.00933,0.0018800000000000002,0.0017,0.0017,0.00032,0.00031,0.00031,0.21836,0.21661,0.21659,-0.00175,-0.0017699999999999999
56,573.1625,0.0,0.0,0.0,0.0,0.0,0.0,0.0,0.0,0.0,0.00065,0.0,0.0,0.0,0.0,0.0,2e-05,0.0,0.0,0.02301,0.01258,0.01254,0.11227000000000001,0.12793,0.12792,0.0499,0.04791,0.047939999999999997,0.01319,0.01152,0.01153,0.00235,0.0021100000000000003,0.0021100000000000003,0.0004,0.00039,0.00039,0.2018,0.20244,0.20243,0.00064,0.00063
57,596.9375,0.0,0.0,0.0,0.0,0.0,0.0,0.0,0.0,0.0,0.00043,0.0,0.0,0.0,0.0,0.0,0.0,0.0,0.0,0.01154,0.0036200000000000004,0.0036,0.09792999999999999,0.11452000000000001,0.11448,0.056729999999999996,0.05525,0.055279999999999996,0.015880000000000002,0.01384,0.01385,0.00286,0.00256,0.00256,0.00049,0.00047999999999999996,0.00047999999999999996,0.18586,0.19025999999999998,0.19025,0.0044,0.00439
58,620.7125,0.0,0.0,0.0,0.0,0.0,0.0,0.0,0.0,0.0,0.00028,0.0,0.0,0.0,0.0,0.0,0.0,0.0,0.0,0.00536,0.00078,0.00078,0.08086,0.09466000000000001,0.0946,0.062220000000000004,0.0616,0.06164,0.01863,0.01621,0.01622,0.0034,0.00303,0.00303,0.00059,0.00057,0.00057,0.17134000000000002,0.17686,0.17684,0.005520000000000001,0.0055
59,644.4875,0.0,0.0,0.0,0.0,0.0,0.0,0.0,0.0,0.0,0.00018,0.0,0.0,0.0,0.0,0.0,0.0,0.0,0.0,0.0024,0.00013000000000000002,0.00013000000000000002,0.06386,0.07239,0.07231,0.06598,0.06666,0.0667,0.02135,0.01859,0.0186,0.00395,0.00351,0.00352,0.0006900000000000001,0.00067,0.00067,0.15842,0.16195,0.16192,0.0035299999999999997,0.00351
60,668.2625,0.0,0.0,0.0,0.0,0.0,0.0,0.0,0.0,0.0,0.00011,0.0,0.0,0.0,0.0,0.0,0.0,0.0,0.0,0.00109,2e-05,2e-05,0.04871,0.05123,0.051160000000000004,0.06782,0.07009,0.07012,0.02393,0.02089,0.020909999999999998,0.00451,0.004,0.004,0.0008,0.0007700000000000001,0.0007700000000000001,0.14697000000000002,0.147,0.14697000000000002,2.9999999999999997e-05,1e-05
61,692.0375,0.0,0.0,0.0,0.0,0.0,0.0,0.0,0.0,0.0,7e-05,0.0,0.0,0.0,0.0,0.0,0.0,0.0,0.0,0.0005200000000000001,0.0,0.0,0.03613,0.0336,0.033530000000000004,0.06775,0.07164,0.07166,0.0263,0.023030000000000002,0.02305,0.00505,0.00448,0.00448,0.0009,0.0008699999999999999,0.0008699999999999999,0.13673,0.13360999999999998,0.13359000000000001,-0.00312,-0.00314
62,715.8125,0.0,0.0,0.0,0.0,0.0,0.0,0.0,0.0,0.0,4e-05,0.0,0.0,0.0,0.0,0.0,0.0,0.0,0.0,0.00026000000000000003,0.0,0.0,0.02621,0.02049,0.02044,0.06596,0.07131,0.07132999999999999,0.028380000000000002,0.02495,0.02496,0.00557,0.0049299999999999995,0.0049299999999999995,0.001,0.0009699999999999999,0.0009699999999999999,0.12744,0.12264000000000001,0.12262999999999999,-0.0048,-0.00481
63,739.5875,0.0,0.0,0.0,0.0,0.0,0.0,0.0,0.0,0.0,2.9999999999999997e-05,0.0,0.0,0.0,0.0,0.0,0.0,0.0,0.0,0.00014,0.0,0.0,0.018680000000000002,0.01168,0.011640000000000001,0.06277,0.06927,0.06928,0.030119999999999997,0.02659,0.02661,0.00606,0.00534,0.00534,0.0011,0.00106,0.00106,0.11889000000000001,0.11395,0.11394000000000001,-0.00495,-0.00495
64,763.3625,0.0,0.0,0.0,0.0,0.0,0.0,0.0,0.0,0.0,2e-05,0.0,0.0,0.0,0.0,0.0,0.0,0.0,0.0,8e-05,0.0,0.0,0.01314,0.00626,0.00624,0.058589999999999996,0.06584,0.06584,0.03148,0.02793,0.02795,0.0065,0.00571,0.00572,0.00119,0.00115,0.00115,0.11099,0.10689000000000001,0.1069,-0.00409,-0.00409
65,787.1375,0.0,0.0,0.0,0.0,0.0,0.0,0.0,0.0,0.0,1e-05,0.0,0.0,0.0,0.0,0.0,0.0,0.0,0.0,4e-05,0.0,0.0,0.00916,0.00317,0.00316,0.053779999999999994,0.061320000000000006,0.061320000000000006,0.03245,0.028960000000000003,0.028980000000000002,0.00688,0.00604,0.00604,0.0012699999999999999,0.00123,0.00123,0.10359000000000002,0.10072,0.10073,-0.0028699999999999997,-0.00286
66,810.9125,0.0,0.0,0.0,0.0,0.0,0.0,0.0,0.0,0.0,1e-05,0.0,0.0,0.0,0.0,0.0,0.0,0.0,0.0,2.9999999999999997e-05,0.0,0.0,0.00636,0.0015300000000000001,0.0015300000000000001,0.04868,0.05619,0.056179999999999994,0.033030000000000004,0.029710000000000004,0.02973,0.007209999999999999,0.00632,0.00633,0.00134,0.0013,0.0013,0.09666,0.09506,0.09506,-0.0016,-0.00159
67,834.6875,0.0,0.0,0.0,0.0,0.0,0.0,0.0,0.0,0.0,0.0,0.0,0.0,0.0,0.0,0.0,0.0,0.0,0.0,1e-05,0.0,0.0,0.00443,0.0007099999999999999,0.0007099999999999999,0.04357,0.05068,0.050660000000000004,0.03323,0.03017,0.030189999999999998,0.00748,0.00656,0.00656,0.0014,0.0013599999999999999,0.0013599999999999999,0.09013,0.08947999999999999,0.08947999999999999,-0.00065,-0.00065
68,858.4625,0.0,0.0,0.0,0.0,0.0,0.0,0.0,0.0,0.0,0.0,0.0,0.0,0.0,0.0,0.0,0.0,0.0,0.0,1e-05,0.0,0.0,0.0031,0.00032,0.00032,0.03859,0.044989999999999995,0.044969999999999996,0.03304,0.03028,0.0303,0.007670000000000001,0.00673,0.00673,0.00145,0.00141,0.00141,0.08386,0.08372,0.08372,-0.00014,-0.00014
69,882.2375,0.0,0.0,0.0,0.0,0.0,0.0,0.0,0.0,0.0,0.0,0.0,0.0,0.0,0.0,0.0,0.0,0.0,0.0,1e-05,0.0,0.0,0.0021899999999999997,0.00014,0.00014,0.03391,0.03942,0.039389999999999994,0.03252,0.030080000000000003,0.0301,0.007790000000000001,0.00683,0.006840000000000001,0.00148,0.00144,0.00144,0.0779,0.07791000000000001,0.07791000000000001,1e-05,1e-05
70,906.0125,0.0,0.0,0.0,0.0,0.0,0.0,0.0,0.0,0.0,0.0,0.0,0.0,0.0,0.0,0.0,0.0,0.0,0.0,0.0,0.0,0.0,0.00156,5.9999999999999995e-05,5.9999999999999995e-05,0.029439999999999997,0.03395,0.03392,0.0315,0.029419999999999998,0.029439999999999997,0.007790000000000001,0.00683,0.006840000000000001,0.00149,0.00145,0.00145,0.07178999999999999,0.07171,0.0717,-8e-05,-8e-05
71,929.7875,0.0,0.0,0.0,0.0,0.0,0.0,0.0,0.0,0.0,0.0,0.0,0.0,0.0,0.0,0.0,0.0,0.0,0.0,0.0,0.0,0.0,0.00112,2e-05,2e-05,0.02529,0.028789999999999996,0.02877,0.03005,0.02833,0.02835,0.007670000000000001,0.00672,0.00672,0.00148,0.00144,0.00144,0.06561,0.06531,0.0653,-0.00031,-0.00031
72,953.5625,0.0,0.0,0.0,0.0,0.0,0.0,0.0,0.0,0.0,0.0,0.0,0.0,0.0,0.0,0.0,0.0,0.0,0.0,0.0,0.0,0.0,0.0008300000000000001,1e-05,1e-05,0.02181,0.024419999999999997,0.0244,0.02864,0.027239999999999997,0.02725,0.007529999999999999,0.0066,0.0066,0.00146,0.0014199999999999998,0.0014199999999999998,0.060270000000000004,0.05969,0.05968,-0.00059,-0.00059
73,977.3375,0.0,0.0,0.0,0.0,0.0,0.0,0.0,0.0,0.0,0.0,0.0,0.0,0.0,0.0,0.0,0.0,0.0,0.0,0.0,0.0,0.0,0.00063,0.0,0.0,0.0189,0.02074,0.02072,0.02729,0.026180000000000002,0.026189999999999998,0.0074,0.00647,0.00648,0.00144,0.0014,0.0014,0.05566,0.0548,0.05479,-0.0008699999999999999,-0.0008699999999999999
74,1001.1125,0.0,0.0,0.0,0.0,0.0,0.0,0.0,0.0,0.0,0.0,0.0,0.0,0.0,0.0,0.0,0.0,0.0,0.0,0.0,0.0,0.0,0.00049,0.0,0.0,0.01646,0.01765,0.01762,0.026010000000000002,0.02516,0.02518,0.007259999999999999,0.00635,0.00635,0.0014199999999999998,0.0013800000000000002,0.0013800000000000002,0.05165,0.050539999999999995,0.05053,-0.0011099999999999999,-0.00112
