hPa,LBL_g1,LBLk_g1,PAR_g1,LBL_g2,LBLk_g2,PAR_g2,LBL_g3,LBLk_g3,PAR_g3,LBL_g4,LBLk_g4,PAR_g4,LBL_g5,LBLk_g5,PAR_g5,LBL_g6,LBLk_g6,PAR_g6,LBL_g7,LBLk_g7,PAR_g7,LBL_g8,LBLk_g8,PAR_g8,LBL_g9,LBLk_g9,PAR_g9,LBL_g10,LBLk_g10,PAR_g10,LBL_g11,LBLk_g11,PAR_g11,LBL_g12,LBLk_g12,PAR_g12,LBL_tot,LBLk_tot,PAR_tot,LBLk - LBL,PAR - LBL
0.0,0.0158,0.0158,0.0158,0.07282000000000001,0.07282000000000001,0.07282000000000001,0.25065,0.25065,0.25065,0.80329,0.80329,0.80329,0.9138799999999999,0.9138799999999999,0.9138799999999999,2.8824,2.8824,2.8824,6.12235,6.12235,6.12235,6.9619800000000005,6.9619800000000005,6.9619800000000005,6.906439999999999,6.906439999999999,6.906439999999999,8.46473,8.46473,8.46473,7.9755899999999995,7.9755899999999995,7.9755899999999995,17.334570000000003,17.334570000000003,17.334570000000003,58.7045,58.7045,58.7045,0.0,0.0
0.0006,0.015780000000000002,0.015780000000000002,0.015780000000000002,0.07281,0.07281,0.07281,0.25065,0.25065,0.25065,0.80329,0.80329,0.80329,0.9138799999999999,0.9138799999999999,0.9138799999999999,2.8824,2.8824,2.8824,6.12235,6.12235,6.12235,6.9619800000000005,6.9619800000000005,6.9619800000000005,6.906439999999999,6.906439999999999,6.906439999999999,8.46473,8.46473,8.46473,7.9755899999999995,7.9755899999999995,7.9755899999999995,17.334570000000003,17.334570000000003,17.334570000000003,58.704480000000004,58.704480000000004,58.704480000000004,0.0,0.0
0.0009,0.015780000000000002,0.015780000000000002,0.015780000000000002,0.07281,0.07281,0.07281,0.25065,0.25065,0.25064000000000003,0.80329,0.80329,0.80329,0.9138799999999999,0.9138799999999999,0.9138799999999999,2.8824,2.8824,2.8824,6.12235,6.12235,6.12235,6.9619800000000005,6.9619800000000005,6.9619800000000005,6.906439999999999,6.906439999999999,6.906439999999999,8.46473,8.46473,8.46473,7.9755899999999995,7.9755899999999995,7.9755899999999995,17.334570000000003,17.334570000000003,17.334570000000003,58.70446999999999,58.70446999999999,58.70446999999999,0.0,0.0
0.0012,0.01577,0.01577,0.01577,0.07281,0.07281,0.07281,0.25064000000000003,0.25064000000000003,0.25064000000000003,0.80329,0.80329,0.80329,0.9138799999999999,0.9138799999999999,0.9138799999999999,2.8824,2.8824,2.8824,6.12235,6.12235,6.12235,6.9619800000000005,6.9619800000000005,6.9619800000000005,6.906439999999999,6.906439999999999,6.906439999999999,8.46473,8.46473,8.46473,7.9755899999999995,7.9755899999999995,7.9755899999999995,17.334570000000003,17.334570000000003,17.334570000000003,58.70446,58.70446,58.70446,0.0,0.0
0.0017,0.01576,0.01576,0.01576,0.0728,0.0728,0.0728,0.25064000000000003,0.25064000000000003,0.25064000000000003,0.80329,0.80329,0.80329,0.9138799999999999,0.9138799999999999,0.9138799999999999,2.8824,2.8824,2.8824,6.12235,6.12235,6.12235,6.9619800000000005,6.9619800000000005,6.9619800000000005,6.906439999999999,6.906439999999999,6.906439999999999,8.46473,8.46473,8.46473,7.9755899999999995,7.9755899999999995,7.9755899999999995,17.334570000000003,17.334570000000003,17.334570000000003,58.704440000000005,58.704440000000005,58.704440000000005,0.0,0.0
0.0024,0.01574,0.01574,0.01575,0.0728,0.0728,0.0728,0.25064000000000003,0.25064000000000003,0.25064000000000003,0.80329,0.80329,0.80329,0.9138799999999999,0.9138799999999999,0.9138799999999999,2.8824,2.8824,2.8824,6.12235,6.12235,6.12235,6.9619800000000005,6.9619800000000005,6.9619800000000005,6.906439999999999,6.906439999999999,6.906439999999999,8.46473,8.46473,8.46473,7.9755899999999995,7.9755899999999995,7.9755899999999995,17.334570000000003,17.334570000000003,17.334570000000003,58.70441999999999,58.70441999999999,58.70441999999999,0.0,0.0
0.0034,0.015719999999999998,0.015719999999999998,0.015719999999999998,0.07279,0.07279,0.07279,0.25064000000000003,0.25064000000000003,0.25064000000000003,0.80329,0.80329,0.80329,0.9138799999999999,0.9138799999999999,0.9138799999999999,2.8824,2.8824,2.8824,6.12235,6.12235,6.12235,6.9619800000000005,6.9619800000000005,6.9619800000000005,6.906439999999999,6.906439999999999,6.906439999999999,8.46473,8.46473,8.46473,7.9755899999999995,7.9755899999999995,7.9755899999999995,17.334570000000003,17.334570000000003,17.334570000000003,58.70438000000001,58.704390000000004,58.704390000000004,1e-05,1e-05
0.0048,0.01569,0.01569,0.01569,0.07278,0.07278,0.07278,0.25064000000000003,0.25064000000000003,0.25064000000000003,0.80329,0.80329,0.80329,0.9138799999999999,0.9138799999999999,0.9138799999999999,2.8824,2.8824,2.8824,6.12235,6.12235,6.12235,6.9619800000000005,6.9619800000000005,6.9619800000000005,6.906439999999999,6.906439999999999,6.906439999999999,8.46473,8.46473,8.46473,7.9755899999999995,7.9755899999999995,7.9755899999999995,17.334570000000003,17.334570000000003,17.334570000000003,58.70434,58.70435,58.70434,1e-05,0.0
0.0067,0.01565,0.01565,0.01565,0.07276,0.07276,0.07276,0.25063,0.25063,0.25064000000000003,0.80329,0.80329,0.80329,0.9138799999999999,0.9138799999999999,0.9138799999999999,2.8824,2.8824,2.8824,6.12235,6.12235,6.12235,6.9619800000000005,6.9619800000000005,6.9619800000000005,6.906439999999999,6.906439999999999,6.906439999999999,8.46473,8.46473,8.46473,7.9755899999999995,7.9755899999999995,7.9755899999999995,17.334570000000003,17.334570000000003,17.334570000000003,58.704269999999994,58.704280000000004,58.704280000000004,1e-05,1e-05
0.0094,0.015590000000000001,0.015590000000000001,0.015590000000000001,0.07272999999999999,0.07274,0.07274,0.25063,0.25063,0.25063,0.80329,0.80329,0.80329,0.9138799999999999,0.9138799999999999,0.9138799999999999,2.8824,2.8824,2.8824,6.12235,6.12235,6.12235,6.9619800000000005,6.9619800000000005,6.9619800000000005,6.906439999999999,6.906439999999999,6.906439999999999,8.46473,8.46473,8.46473,7.9755899999999995,7.9755899999999995,7.9755899999999995,17.334570000000003,17.334570000000003,17.334570000000003,58.70418000000001,58.7042,58.704190000000004,2e-05,1e-05
0.0131,0.01551,0.01551,0.01551,0.07269,0.0727,0.0727,0.25062,0.25062,0.25062,0.80328,0.80329,0.80328,0.9138799999999999,0.9138799999999999,0.9138799999999999,2.8824,2.8824,2.8824,6.12235,6.12235,6.12235,6.9619800000000005,6.9619800000000005,6.9619800000000005,6.906439999999999,6.906439999999999,6.906439999999999,8.46473,8.46473,8.46473,7.9755899999999995,7.9755899999999995,7.9755899999999995,17.334570000000003,17.334570000000003,17.334570000000003,58.70406,58.704069999999994,58.704069999999994,1e-05,1e-05
0.0184,0.015390000000000001,0.0154,0.0154,0.07265,0.07265,0.07265,0.25061,0.25061,0.25062,0.80328,0.80328,0.80328,0.9138799999999999,0.9138799999999999,0.9138799999999999,2.8824,2.8824,2.8824,6.12235,6.12235,6.12235,6.9619800000000005,6.9619800000000005,6.9619800000000005,6.906439999999999,6.906439999999999,6.906439999999999,8.46473,8.46473,8.46473,7.9755899999999995,7.9755899999999995,7.9755899999999995,17.334570000000003,17.334570000000003,17.334570000000003,58.703880000000005,58.7039,58.7039,2e-05,2e-05
0.0258,0.01524,0.01525,0.01525,0.07257000000000001,0.07259,0.07259,0.2506,0.2506,0.2506,0.80328,0.80328,0.80328,0.9138799999999999,0.9138799999999999,0.9138799999999999,2.8824,2.8824,2.8824,6.12235,6.12235,6.12235,6.9619800000000005,6.9619800000000005,6.9619800000000005,6.906439999999999,6.906439999999999,6.906439999999999,8.46473,8.46473,8.46473,7.9755899999999995,7.9755899999999995,7.9755899999999995,17.334570000000003,17.334570000000003,17.334570000000003,58.70364,58.703669999999995,58.70366,2.9999999999999997e-05,2e-05
0.0362,0.015019999999999999,0.015030000000000002,0.015030000000000002,0.07247,0.07249,0.07249,0.25058,0.25059000000000003,0.25058,0.80328,0.80328,0.80328,0.9138799999999999,0.9138799999999999,0.9138799999999999,2.8824,2.8824,2.8824,6.12235,6.12235,6.12235,6.9619800000000005,6.9619800000000005,6.9619800000000005,6.906439999999999,6.906439999999999,6.906439999999999,8.46473,8.46473,8.46473,7.9755899999999995,7.9755899999999995,7.9755899999999995,17.334570000000003,17.334570000000003,17.334570000000003,58.7033,58.70333,58.70333,2.9999999999999997e-05,2.9999999999999997e-05
0.0508,0.014719999999999999,0.014730000000000002,0.014730000000000002,0.07232999999999999,0.07236000000000001,0.07236000000000001,0.25056,0.25056,0.25056,0.8032699999999999,0.8032699999999999,0.8032699999999999,0.9138799999999999,0.9138799999999999,0.9138799999999999,2.8824,2.8824,2.8824,6.12235,6.12235,6.12235,6.9619800000000005,6.9619800000000005,6.9619800000000005,6.906439999999999,6.906439999999999,6.906439999999999,8.46472,8.46473,8.46473,7.9755899999999995,7.9755899999999995,7.9755899999999995,17.334570000000003,17.334570000000003,17.334570000000003,58.702830000000006,58.70288000000001,58.70287,5e-05,4e-05
0.0713,0.01433,0.01433,0.01433,0.07214,0.07217,0.07217,0.25051999999999996,0.25051999999999996,0.25051999999999996,0.8032699999999999,0.8032699999999999,0.8032699999999999,0.9138799999999999,0.9138799999999999,0.9138799999999999,2.8824,2.8824,2.8824,6.12235,6.12235,6.12235,6.9619800000000005,6.9619800000000005,6.9619800000000005,6.906439999999999,6.906439999999999,6.906439999999999,8.46472,8.46473,8.46473,7.9755899999999995,7.9755899999999995,7.9755899999999995,17.334570000000003,17.334570000000003,17.334570000000003,58.70219,58.70224,58.70224,5e-05,5e-05
0.1,0.0138,0.01379,0.01379,0.07186000000000001,0.0719,0.0719,0.25046,0.25046999999999997,0.25046999999999997,0.8032600000000001,0.8032600000000001,0.8032600000000001,0.9138799999999999,0.9138799999999999,0.9138799999999999,2.8824,2.8824,2.8824,6.12235,6.12235,6.12235,6.9619800000000005,6.9619800000000005,6.9619800000000005,6.906439999999999,6.906439999999999,6.906439999999999,8.46472,8.46473,8.46473,7.9755899999999995,7.9755899999999995,7.9755899999999995,17.334570000000003,17.334570000000003,17.334570000000003,58.701319999999996,58.70137,58.70137,5e-05,5e-05
0.1403,0.013130000000000001,0.013080000000000001,0.013080000000000001,0.07146,0.07152,0.07152,0.25038,0.25039,0.25039,0.80324,0.80325,0.80325,0.9138799999999999,0.9138799999999999,0.9138799999999999,2.8824,2.8824,2.8824,6.12235,6.12235,6.12235,6.9619800000000005,6.9619800000000005,6.9619800000000005,6.906439999999999,6.906439999999999,6.906439999999999,8.46472,8.46473,8.46473,7.9755899999999995,7.9755899999999995,7.9755899999999995,17.334570000000003,17.334570000000003,17.334570000000003,58.70015,58.70019,58.70018,4e-05,2.9999999999999997e-05
0.1968,0.01227,0.012159999999999999,0.01215,0.07089,0.07097,0.07097,0.25026,0.25028,0.25028,0.8032199999999999,0.80323,0.80323,0.9138799999999999,0.9138799999999999,0.9138799999999999,2.88239,2.88239,2.8824,6.12235,6.12235,6.12235,6.9619800000000005,6.9619800000000005,6.9619800000000005,6.906439999999999,6.906439999999999,6.906439999999999,8.46472,8.46473,8.46473,7.9755899999999995,7.9755899999999995,7.9755899999999995,17.334570000000003,17.334570000000003,17.334570000000003,58.69858000000001,58.69858000000001,58.69857,0.0,-1e-05
0.276,0.01122,0.01099,0.01099,0.07009,0.07019,0.07019,0.25008,0.25011,0.25011,0.80319,0.8032,0.8032,0.9138799999999999,0.9138799999999999,0.9138799999999999,2.88239,2.88239,2.88239,6.12235,6.12235,6.12235,6.9619800000000005,6.9619800000000005,6.9619800000000005,6.906439999999999,6.906439999999999,6.906439999999999,8.46472,8.46473,8.46473,7.9755899999999995,7.9755899999999995,7.9755899999999995,17.334570000000003,17.334570000000003,17.334570000000003,58.696509999999996,58.69644,58.69643000000001,-7e-05,-8e-05
0.3871,0.00995,0.00957,0.00957,0.06898,0.06909,0.06909,0.24982,0.24986999999999998,0.24986999999999998,0.80314,0.80316,0.80316,0.9138799999999999,0.9138799999999999,0.9138799999999999,2.88239,2.88239,2.88239,6.12234,6.12235,6.12235,6.9619800000000005,6.9619800000000005,6.9619800000000005,6.906439999999999,6.906439999999999,6.906439999999999,8.46472,8.46473,8.46473,7.9755899999999995,7.9755899999999995,7.9755899999999995,17.334570000000003,17.334570000000003,17.334570000000003,58.69381,58.693619999999996,58.69361,-0.00018999999999999998,-0.0002
0.5431,0.008490000000000001,0.007909999999999999,0.007909999999999999,0.06742999999999999,0.06754,0.06752999999999999,0.24944000000000002,0.2495,0.2495,0.80307,0.8031,0.80309,0.9138799999999999,0.9138799999999999,0.9138799999999999,2.88239,2.88239,2.88239,6.12234,6.12234,6.12234,6.96197,6.9619800000000005,6.9619800000000005,6.906439999999999,6.906439999999999,6.906439999999999,8.46472,8.46473,8.46472,7.9755899999999995,7.9755899999999995,7.9755899999999995,17.334570000000003,17.334570000000003,17.334570000000003,58.69033,58.689969999999995,58.68995,-0.00036,-0.00037999999999999997
0.7617,0.0069,0.00609,0.00609,0.06532,0.06538,0.06537000000000001,0.24886999999999998,0.24896999999999997,0.24896999999999997,0.80295,0.803,0.803,0.9138799999999999,0.9138799999999999,0.9138799999999999,2.88239,2.88239,2.88239,6.122330000000001,6.122330000000001,6.122330000000001,6.96197,6.96197,6.96197,6.906439999999999,6.906439999999999,6.906439999999999,8.46472,8.46472,8.46472,7.9755899999999995,7.9755899999999995,7.9755899999999995,17.334570000000003,17.334570000000003,17.334570000000003,58.685919999999996,58.68533000000001,58.68532,-0.00059,-0.0006
1.0685,0.00524,0.00424,0.004229999999999999,0.06253,0.06245,0.062439999999999996,0.24806,0.2482,0.24819000000000002,0.80279,0.80285,0.80285,0.9138700000000001,0.9138700000000001,0.9138700000000001,2.88238,2.88238,2.88238,6.12231,6.122319999999999,6.122319999999999,6.96196,6.96197,6.96197,6.906439999999999,6.906439999999999,6.906439999999999,8.46472,8.46472,8.46472,7.9755899999999995,7.9755899999999995,7.9755899999999995,17.334570000000003,17.334570000000003,17.334570000000003,58.68046,58.6796,58.67958,-0.00086,-0.00088
1.4988,0.00364,0.0025399999999999997,0.0025399999999999997,0.058960000000000005,0.058570000000000004,0.05856,0.24694000000000002,0.24711999999999998,0.24711,0.80255,0.8026399999999999,0.8026399999999999,0.9138700000000001,0.91386,0.91386,2.88237,2.88237,2.88237,6.1222900000000005,6.12231,6.12231,6.96195,6.96196,6.96196,6.906439999999999,6.906439999999999,6.906439999999999,8.46472,8.46472,8.46472,7.9755899999999995,7.9755899999999995,7.9755899999999995,17.334570000000003,17.334570000000003,17.334570000000003,58.673869999999994,58.67269,58.67266,-0.00118,-0.00121
2.1024,0.00227,0.00124,0.00124,0.054529999999999995,0.05355,0.05354,0.24538000000000001,0.24561,0.2456,0.8022100000000001,0.80233,0.80233,0.91385,0.91385,0.91385,2.88234,2.88235,2.88235,6.12226,6.1222900000000005,6.1222900000000005,6.961930000000001,6.96195,6.96195,6.906439999999999,6.906439999999999,6.906439999999999,8.46472,8.46472,8.46472,7.9755899999999995,7.9755899999999995,7.9755899999999995,17.334570000000003,17.334570000000003,17.334570000000003,58.666090000000004,58.664480000000005,58.66445,-0.00161,-0.00164
2.949,0.00121,0.00045,0.00045,0.049260000000000005,0.04727,0.04725,0.24323000000000003,0.2435,0.2435,0.80172,0.80188,0.80188,0.9138200000000001,0.9138200000000001,0.9138200000000001,2.88231,2.88232,2.88232,6.1222199999999996,6.12226,6.12226,6.9619100000000005,6.961930000000001,6.961930000000001,6.90643,6.906439999999999,6.90643,8.46472,8.46472,8.46472,7.9755899999999995,7.9755899999999995,7.9755899999999995,17.334570000000003,17.334570000000003,17.334570000000003,58.65699,58.65475,58.65472,-0.00224,-0.00227
4.1366,0.00054,0.00011,0.00011,0.043210000000000005,0.03972,0.039689999999999996,0.24025,0.24054,0.24053000000000002,0.80099,0.8012100000000001,0.8012100000000001,0.91375,0.91375,0.91375,2.88226,2.88226,2.88226,6.12216,6.12221,6.12221,6.9618899999999995,6.9619100000000005,6.9619100000000005,6.90643,6.90643,6.90643,8.46472,8.46472,8.46472,7.9755899999999995,7.9755899999999995,7.9755899999999995,17.334570000000003,17.334570000000003,17.334570000000003,58.64634,58.64303,58.643,-0.00331,-0.0033399999999999997
5.8025,0.00018,2e-05,1e-05,0.03653,0.03113,0.0311,0.23605,0.23633,0.23631,0.79987,0.8001699999999999,0.8001699999999999,0.9136299999999999,0.9136299999999999,0.9136299999999999,2.88216,2.88216,2.88216,6.12208,6.12214,6.12214,6.96185,6.9618899999999995,6.9618899999999995,6.90642,6.90643,6.90643,8.46472,8.46472,8.46472,7.9755899999999995,7.9755899999999995,7.9755899999999995,17.334570000000003,17.334570000000003,17.334570000000003,58.63364,58.628769999999996,58.628730000000004,-0.00487,-0.00491
8.1392,4e-05,0.0,0.0,0.02943,0.0221,0.02207,0.23003,0.23021,0.2302,0.79808,0.7985,0.7985,0.9134,0.9134,0.9134,2.88198,2.88198,2.88198,6.12195,6.12204,6.1220300000000005,6.9618,6.96185,6.96185,6.90641,6.90642,6.90642,8.46472,8.46472,8.46472,7.9755899999999995,7.9755899999999995,7.9755899999999995,17.334570000000003,17.334570000000003,17.334570000000003,58.61799,58.611380000000004,58.61133,-0.0066099999999999996,-0.006659999999999999
11.417,1e-05,0.0,0.0,0.0222,0.013630000000000001,0.013609999999999999,0.22129000000000001,0.22125,0.22123,0.79511,0.79575,0.79574,0.91294,0.91294,0.91294,2.88164,2.88165,2.88165,6.12174,6.12186,6.12186,6.96173,6.96179,6.96179,6.9064,6.90641,6.90641,8.46471,8.46472,8.46472,7.9755899999999995,7.9755899999999995,7.9755899999999995,17.334570000000003,17.334570000000003,17.334570000000003,58.597919999999995,58.59015,58.590090000000004,-0.00777,-0.00783
16.0147,0.0,0.0,0.0,0.015280000000000002,0.00687,0.00686,0.20854,0.20797,0.20794,0.79005,0.7910699999999999,0.79106,0.9120299999999999,0.9120299999999999,0.9120299999999999,2.881,2.88102,2.88102,6.1214,6.12155,6.12155,6.96162,6.9617,6.9617,6.90638,6.906389999999999,6.906389999999999,8.46471,8.46471,8.46471,7.9755899999999995,7.9755899999999995,7.9755899999999995,17.334570000000003,17.334570000000003,17.334570000000003,58.57116,58.563480000000006,58.56341,-0.007679999999999999,-0.00775
22.464,0.0,0.0,0.0,0.00937,0.0026,0.00259,0.19030999999999998,0.18839,0.18834,0.7812100000000001,0.78299,0.7829699999999999,0.9102600000000001,0.9102600000000001,0.91025,2.87977,2.87982,2.87982,6.12082,6.12102,6.12102,6.96145,6.96156,6.96156,6.90635,6.90637,6.90637,8.4647,8.46471,8.46471,7.97558,7.97558,7.9755899999999995,17.334570000000003,17.334570000000003,17.334570000000003,58.53439,58.52786,58.52778000000001,-0.006529999999999999,-0.0066099999999999996
31.5105,0.0,0.0,0.0,0.00518,0.00066,0.00066,0.16589,0.16025999999999999,0.16019,0.76562,0.76882,0.76879,0.9067700000000001,0.9067700000000001,0.9067700000000001,2.87742,2.87753,2.87753,6.11979,6.12007,6.12006,6.961189999999999,6.96133,6.96133,6.90631,6.9063300000000005,6.9063300000000005,8.46469,8.4647,8.4647,7.97558,7.97558,7.97558,17.334570000000003,17.334570000000003,17.334570000000003,58.483,58.47661,58.476490000000005,-0.00639,-0.006509999999999999
44.2001,0.0,0.0,0.0,0.00274,0.0001,0.0001,0.13688,0.12255,0.12247000000000001,0.73857,0.7439899999999999,0.74393,0.89995,0.89999,0.8999799999999999,2.87291,2.87317,2.87316,6.11793,6.11834,6.11833,6.9607600000000005,6.96093,6.96093,6.9062399999999995,6.90627,6.9062600000000005,8.46467,8.46468,8.46468,7.97558,7.97558,7.97558,17.334570000000003,17.334570000000003,17.334570000000003,58.41078,58.40016,58.4,-0.010620000000000001,-0.01078
62.0,0.0,0.0,0.0,0.00148,1e-05,1e-05,0.1079,0.07837999999999999,0.07829,0.69377,0.70086,0.70076,0.8867200000000001,0.88686,0.88684,2.86428,2.86488,2.8648700000000002,6.11454,6.1151800000000005,6.11517,6.96002,6.96024,6.96024,6.90613,6.906160000000001,6.906160000000001,8.46464,8.46466,8.46466,7.97558,7.97558,7.97558,17.334570000000003,17.334570000000003,17.334570000000003,58.30961,58.287369999999996,58.28714,-0.02224,-0.02247
85.775,0.0,0.0,0.0,0.00085,0.0,0.0,0.08535,0.03895,0.03889,0.62955,0.6320399999999999,0.63189,0.86282,0.86318,0.86314,2.84882,2.85015,2.85012,6.10865,6.1096900000000005,6.1096699999999995,6.95879,6.95909,6.95909,6.90595,6.905989999999999,6.905989999999999,8.4646,8.46462,8.46462,7.975569999999999,7.975569999999999,7.975569999999999,17.334570000000003,17.334570000000003,17.334570000000003,58.175509999999996,58.13385,58.13354,-0.04166,-0.04197
109.55,0.0,0.0,0.0,0.00058,0.0,0.0,0.07309,0.01785,0.01781,0.5683600000000001,0.5562199999999999,0.55603,0.8327600000000001,0.83341,0.83334,2.82916,2.8315900000000003,2.83154,6.10121,6.10283,6.10281,6.957269999999999,6.95768,6.95768,6.90573,6.90578,6.90578,8.46455,8.46457,8.46457,7.975560000000001,7.975560000000001,7.975560000000001,17.334570000000003,17.334570000000003,17.334570000000003,58.04283,57.980059999999995,57.97968,-0.06277,-0.06315
133.325,0.0,0.0,0.0,0.00042,0.0,0.0,0.06533,0.0078,0.00778,0.51399,0.4791,0.47886999999999996,0.79782,0.79851,0.7984100000000001,2.80557,2.80935,2.8092799999999998,6.0922,6.0945800000000006,6.0945599999999995,6.955430000000001,6.95598,6.95597,6.905469999999999,6.905539999999999,6.905530000000001,8.46449,8.46451,8.46451,7.97555,7.97555,7.97555,17.33456,17.33456,17.33456,57.91084,57.825480000000006,57.825019999999995,-0.08536,-0.08582000000000001
157.1,0.0,0.0,0.0,0.00031,0.0,0.0,0.0594,0.00323,0.00322,0.46548999999999996,0.40266,0.4024,0.75783,0.7581100000000001,0.75797,2.77732,2.78262,2.78253,6.081259999999999,6.08455,6.0845199999999995,6.9531600000000005,6.953869999999999,6.953860000000001,6.905139999999999,6.90522,6.90522,8.46441,8.46444,8.46444,7.97553,7.97554,7.97554,17.33456,17.33456,17.33456,57.774409999999996,57.66482,57.664280000000005,-0.10959,-0.11012999999999999
180.875,0.0,0.0,0.0,0.00022,0.0,0.0,0.05407000000000001,0.00116,0.00116,0.41933000000000004,0.32363000000000003,0.32335,0.70918,0.70839,0.70822,2.7408799999999998,2.7481,2.74798,6.06687,6.07142,6.07137,6.950130000000001,6.95108,6.951060000000001,6.9047,6.9048,6.9048,8.464310000000001,8.46435,8.46435,7.9755199999999995,7.9755199999999995,7.9755199999999995,17.33456,17.33456,17.33456,57.619769999999995,57.483019999999996,57.482380000000006,-0.13675,-0.13739
204.65,0.0,0.0,0.0,0.00014,0.0,0.0,0.0477,0.00023999999999999998,0.00023999999999999998,0.36574,0.2256,0.22533000000000003,0.63443,0.63079,0.63057,2.6797299999999997,2.69002,2.6898400000000002,6.04211,6.04887,6.0488,6.94482,6.946210000000001,6.94619,6.903910000000001,6.90406,6.90406,8.464139999999999,8.464189999999999,8.464189999999999,7.97549,7.97549,7.97549,17.33455,17.33456,17.33456,57.39277,57.22002,57.219269999999995,-0.17275,-0.1735
228.425,0.0,0.0,0.0,5e-05,0.0,0.0,0.03723,1e-05,1e-05,0.29191999999999996,0.09091,0.09072999999999999,0.48058,0.46593,0.46563999999999994,2.52775,2.54388,2.54358,5.9774400000000005,5.98991,5.98979,6.93071,6.93325,6.9332199999999995,6.9018,6.9020600000000005,6.90205,8.46366,8.46375,8.46375,7.9754,7.975410000000001,7.975410000000001,17.33454,17.33454,17.33454,56.92109,56.69965,56.69871,-0.22144,-0.22238000000000002
252.2,0.0,0.0,0.0,1e-05,0.0,0.0,0.02475,0.0,0.0,0.22753,0.01251,0.012459999999999999,0.27137,0.23549,0.23519,2.22214,2.24263,2.24211,5.8331599999999995,5.85818,5.8579300000000005,6.8983,6.903580000000001,6.90353,6.89685,6.89738,6.89737,8.46256,8.46273,8.46273,7.975210000000001,7.975230000000001,7.975230000000001,17.33451,17.33451,17.33451,56.14638000000001,55.92225,55.92106999999999,-0.22413000000000002,-0.22530999999999998
275.975,0.0,0.0,0.0,0.0,0.0,0.0,0.013580000000000002,0.0,0.0,0.17702,0.00026000000000000003,0.00026000000000000003,0.09902000000000001,0.059570000000000005,0.05942000000000001,1.7338900000000002,1.73869,1.73786,5.55229,5.59931,5.59884,6.83212,6.843039999999999,6.84293,6.8865300000000005,6.88765,6.887630000000001,8.46027,8.46062,8.46061,7.974810000000001,7.9748600000000005,7.9748600000000005,17.33445,17.33445,17.33445,55.06398000000001,54.89844,54.89686,-0.16554000000000002,-0.16712
299.75,0.0,0.0,0.0,0.0,0.0,0.0,0.00601,0.0,0.0,0.13263,0.0,0.0,0.01952,0.00474,0.00471,1.13679,1.08649,1.08549,5.07253,5.14809,5.14726,6.709630000000001,6.73077,6.7305600000000005,6.86693,6.8691699999999996,6.86914,8.455910000000001,8.4566,8.4566,7.97405,7.974139999999999,7.974139999999999,17.33432,17.334329999999998,17.334329999999998,53.70831999999999,53.604330000000004,53.602219999999996,-0.10399000000000001,-0.1061
323.525,0.0,0.0,0.0,0.0,0.0,0.0,0.00212,0.0,0.0,0.09424,0.0,0.0,0.00159,5.9999999999999995e-05,5.9999999999999995e-05,0.59583,0.48566000000000004,0.48485,4.357819999999999,4.454619999999999,4.45329,6.5018199999999995,6.54,6.539619999999999,6.832389999999999,6.83678,6.83672,8.44822,8.44957,8.44956,7.9727,7.97288,7.97288,17.3341,17.33411,17.33411,52.14082,52.073679999999996,52.07107,-0.06713999999999999,-0.06975
347.3,0.0,0.0,0.0,0.0,0.0,0.0,0.00059,0.0,0.0,0.06332,0.0,0.0,4e-05,0.0,0.0,0.23749,0.132,0.13162000000000001,3.44185,3.51968,3.51785,6.17671,6.23822,6.23758,6.77537,6.783289999999999,6.78317,8.43543,8.43792,8.4379,7.97045,7.970789999999999,7.97078,17.33372,17.33375,17.33375,50.434940000000005,50.41564,50.41264,-0.0193,-0.02229
371.075,0.0,0.0,0.0,0.0,0.0,0.0,0.00013000000000000002,0.0,0.0,0.04036,0.0,0.0,0.0,0.0,0.0,0.06813999999999999,0.0183,0.01821,2.45805,2.4569799999999997,2.45487,5.71315,5.80074,5.79974,6.687530000000001,6.7008600000000005,6.70067,8.4155,8.41987,8.41982,7.96695,7.96753,7.9675199999999995,17.33312,17.333170000000003,17.333170000000003,48.68293,48.69744,48.69401,0.014509999999999999,0.01108
394.85,0.0,0.0,0.0,0.0,0.0,0.0,2e-05,0.0,0.0,0.02503,0.0,0.0,0.0,0.0,0.0,0.0142,0.00123,0.00122,1.60553,1.49922,1.49724,5.13681,5.24481,5.24341,6.566269999999999,6.587110000000001,6.5868199999999995,8.38752,8.394680000000001,8.39462,7.96201,7.962969999999999,7.962960000000001,17.33227,17.33235,17.33235,47.02967,47.02237,47.01862,-0.0073,-0.01105
418.625,0.0,0.0,0.0,0.0,0.0,0.0,0.0,0.0,0.0,0.015030000000000002,0.0,0.0,0.0,0.0,0.0,0.00203,2.9999999999999997e-05,2.9999999999999997e-05,0.95255,0.77208,0.77058,4.46382,4.57597,4.57417,6.40409,6.43465,6.43422,8.34923,8.36041,8.36031,7.95523,7.956739999999999,7.95672,17.33109,17.331210000000002,17.3312,45.47306,45.43108,45.42723,-0.04198,-0.04583
442.4,0.0,0.0,0.0,0.0,0.0,0.0,0.0,0.0,0.0,0.008709999999999999,0.0,0.0,0.0,0.0,0.0,0.0002,0.0,0.0,0.50863,0.32179,0.3209,3.72908,3.8170800000000003,3.8149300000000004,6.19378,6.2355599999999995,6.23496,8.297989999999999,8.31471,8.31457,7.946089999999999,7.94837,7.94835,17.32947,17.329639999999998,17.329639999999998,44.01395,43.96716,43.96335,-0.04679,-0.0506
466.175,0.0,0.0,0.0,0.0,0.0,0.0,0.0,0.0,0.0,0.00488,0.0,0.0,0.0,0.0,0.0,2e-05,0.0,0.0,0.24136,0.10375,0.10336,2.9819,3.0138700000000003,3.0115,5.92928,5.98308,5.98227,8.230830000000001,8.25508,8.25488,7.93403,7.93738,7.93734,17.32732,17.327560000000002,17.32755,42.649609999999996,42.62072,42.61691,-0.02889,-0.0327
489.95,0.0,0.0,0.0,0.0,0.0,0.0,0.0,0.0,0.0,0.00264,0.0,0.0,0.0,0.0,0.0,0.0,0.0,0.0,0.10042000000000001,0.02459,0.02447,2.2755799999999997,2.22697,2.22459,5.60677,5.6719,5.67085,8.14445,8.17872,8.178460000000001,7.918360000000001,7.92317,7.92312,17.324479999999998,17.324820000000003,17.32481,41.37271,41.35018,41.3463,-0.02253,-0.026410000000000003
513.725,0.0,0.0,0.0,0.0,0.0,0.0,0.0,0.0,0.0,0.0013800000000000002,0.0,0.0,0.0,0.0,0.0,0.0,0.0,0.0,0.03639,0.00406,0.00403,1.6556,1.5212,1.5190299999999999,5.22647,5.29979,5.29847,8.03551,8.0828,8.08244,7.898339999999999,7.90512,7.905060000000001,17.32082,17.321279999999998,17.321270000000002,40.17451,40.134240000000005,40.13029,-0.04027,-0.044219999999999995
537.5,0.0,0.0,0.0,0.0,0.0,0.0,0.0,0.0,0.0,0.0007,0.0,0.0,0.0,0.0,0.0,0.0,0.0,0.0,0.01155,0.00044,0.00043,1.14761,0.94511,0.94334,4.79247,4.8658,4.8642,7.90037,7.963769999999999,7.963310000000001,7.87308,7.88243,7.882339999999999,17.316129999999998,17.31675,17.31673,39.041909999999994,38.97429,38.97035,-0.06762,-0.07156
561.275,0.0,0.0,0.0,0.0,0.0,0.0,0.0,0.0,0.0,0.00033999999999999997,0.0,0.0,0.0,0.0,0.0,0.0,0.0,0.0,0.0033200000000000005,2.9999999999999997e-05,2.9999999999999997e-05,0.7578,0.52574,0.52447,4.31455,4.3759,4.37403,7.7356300000000005,7.8185,7.81792,7.84165,7.85429,7.85417,17.310229999999997,17.31104,17.311020000000003,37.96353,37.8855,37.88163,-0.07803,-0.0819
585.05,0.0,0.0,0.0,0.0,0.0,0.0,0.0,0.0,0.0,0.00016,0.0,0.0,0.0,0.0,0.0,0.0,0.0,0.0,0.0009199999999999999,0.0,0.0,0.47638,0.25737,0.25656999999999996,3.8072699999999995,3.84154,3.83943,7.538239999999999,7.64395,7.6432199999999995,7.8030100000000004,7.81981,7.8196699999999995,17.30288,17.303910000000002,17.30388,36.92886,36.86659,36.862770000000005,-0.062270000000000006,-0.06609
608.825,0.0,0.0,0.0,0.0,0.0,0.0,0.0,0.0,0.0,7e-05,0.0,0.0,0.0,0.0,0.0,0.0,0.0,0.0,0.00026000000000000003,0.0,0.0,0.28484,0.10877,0.10835,3.28851,3.27941,3.2771199999999996,7.3056,7.4372300000000005,7.43633,7.75603,7.77805,7.77787,17.2938,17.29512,17.29508,35.929120000000005,35.89857,35.894729999999996,-0.03055,-0.03439
632.6,0.0,0.0,0.0,0.0,0.0,0.0,0.0,0.0,0.0,2.9999999999999997e-05,0.0,0.0,0.0,0.0,0.0,0.0,0.0,0.0,8e-05,0.0,0.0,0.16217,0.03891,0.03872,2.77818,2.71139,2.7090099999999997,7.03632,7.196160000000001,7.195069999999999,7.69955,7.72802,7.72779,17.28271,17.284370000000003,17.284329999999997,34.95904,34.95885,34.95491,-0.00018999999999999998,-0.00413
656.375,0.0,0.0,0.0,0.0,0.0,0.0,0.0,0.0,0.0,1e-05,0.0,0.0,0.0,0.0,0.0,0.0,0.0,0.0,2e-05,0.0,0.0,0.08828,0.0115,0.01143,2.2946299999999997,2.16058,2.15823,6.73,6.91867,6.91736,7.6323300000000005,7.66856,7.66828,17.269289999999998,17.27136,17.2713,34.01457,34.03066,34.02659,0.01609,0.01202
680.15,0.0,0.0,0.0,0.0,0.0,0.0,0.0,0.0,0.0,1e-05,0.0,0.0,0.0,0.0,0.0,0.0,0.0,0.0,1e-05,0.0,0.0,0.046439999999999995,0.00274,0.0027199999999999998,1.8531099999999998,1.65083,1.64861,6.38797,6.60376,6.60222,7.553160000000001,7.59852,7.59818,17.2532,17.25571,17.25563,33.09389,33.11155,33.10736,0.01766,0.01347
703.925,0.0,0.0,0.0,0.0,0.0,0.0,0.0,0.0,0.0,0.0,0.0,0.0,0.0,0.0,0.0,0.0,0.0,0.0,0.0,0.0,0.0,0.02404,0.0005099999999999999,0.0005099999999999999,1.46414,1.20338,1.20141,6.01354,6.25214,6.250369999999999,7.460939999999999,7.51687,7.51645,17.23406,17.237070000000003,17.23698,32.19673,32.20998,32.205709999999996,0.01325,0.00898
727.7,0.0,0.0,0.0,0.0,0.0,0.0,0.0,0.0,0.0,0.0,0.0,0.0,0.0,0.0,0.0,0.0,0.0,0.0,0.0,0.0,0.0,0.0126,7e-05,7e-05,1.1340700000000001,0.83394,0.8322799999999999,5.61355,5.867719999999999,5.8657,7.35515,7.423019999999999,7.42253,17.21164,17.2152,17.21508,31.327009999999998,31.33995,31.33567,0.01294,0.00866
751.475,0.0,0.0,0.0,0.0,0.0,0.0,0.0,0.0,0.0,0.0,0.0,0.0,0.0,0.0,0.0,0.0,0.0,0.0,0.0,0.0,0.0,0.00685,1e-05,1e-05,0.8619899999999999,0.54648,0.54518,5.19425,5.45395,5.4517,7.23497,7.3161,7.315510000000001,17.185579999999998,17.18971,17.18958,30.48364,30.50625,30.50197,0.022609999999999998,0.018330000000000003
775.25,0.0,0.0,0.0,0.0,0.0,0.0,0.0,0.0,0.0,0.0,0.0,0.0,0.0,0.0,0.0,0.0,0.0,0.0,0.0,0.0,0.0,0.0039299999999999995,0.0,0.0,0.64367,0.33664,0.33569,4.76271,5.01549,5.01302,7.09963,7.1952,7.19451,17.155479999999997,17.160220000000002,17.16006,29.665429999999997,29.707559999999997,29.70328,0.04213,0.03785
799.025,0.0,0.0,0.0,0.0,0.0,0.0,0.0,0.0,0.0,0.0,0.0,0.0,0.0,0.0,0.0,0.0,0.0,0.0,0.0,0.0,0.0,0.00238,0.0,0.0,0.47293,0.19368,0.19304000000000002,4.32638,4.55811,4.55546,6.948460000000001,7.05943,7.0586199999999995,17.12089,17.12627,17.126079999999998,28.87105,28.937490000000004,28.933190000000003,0.06644,0.06214
822.8,0.0,0.0,0.0,0.0,0.0,0.0,0.0,0.0,0.0,0.0,0.0,0.0,0.0,0.0,0.0,0.0,0.0,0.0,0.0,0.0,0.0,0.00151,0.0,0.0,0.34263000000000005,0.10323,0.10282999999999999,3.8927699999999996,4.08795,4.08516,6.780869999999999,6.90764,6.9067,17.08132,17.08727,17.08704,28.099109999999996,28.186090000000004,28.181729999999998,0.08698,0.08262
846.575,0.0,0.0,0.0,0.0,0.0,0.0,0.0,0.0,0.0,0.0,0.0,0.0,0.0,0.0,0.0,0.0,0.0,0.0,0.0,0.0,0.0,0.00099,0.0,0.0,0.24554,0.050539999999999995,0.05031,3.4692,3.6127199999999995,3.60983,6.59651,6.7388699999999995,6.7378,17.03622,17.042579999999997,17.04231,27.34845,27.444709999999997,27.44025,0.09626,0.0918
870.35,0.0,0.0,0.0,0.0,0.0,0.0,0.0,0.0,0.0,0.0,0.0,0.0,0.0,0.0,0.0,0.0,0.0,0.0,0.0,0.0,0.0,0.00066,0.0,0.0,0.17479,0.02254,0.02242,3.0624599999999997,3.14133,3.13841,6.39532,6.55247,6.55126,16.985,16.99159,16.99127,26.61823,26.707929999999998,26.703359999999996,0.0897,0.08513
894.125,0.0,0.0,0.0,0.0,0.0,0.0,0.0,0.0,0.0,0.0,0.0,0.0,0.0,0.0,0.0,0.0,0.0,0.0,0.0,0.0,0.0,0.00045,0.0,0.0,0.12426,0.00907,0.009009999999999999,2.67844,2.68323,2.68034,6.17767,6.3480300000000005,6.34667,16.9271,16.93364,16.93327,25.90792,25.97397,25.96929,0.06605,0.06137000000000001
917.9,0.0,0.0,0.0,0.0,0.0,0.0,0.0,0.0,0.0,0.0,0.0,0.0,0.0,0.0,0.0,0.0,0.0,0.0,0.0,0.0,0.0,0.00031,0.0,0.0,0.08874,0.0032600000000000003,0.00324,2.32186,2.2478,2.245,5.944380000000001,6.1254800000000005,6.12396,16.86195,16.86806,16.86763,25.21724,25.24461,25.239829999999998,0.02737,0.02259
941.675,0.0,0.0,0.0,0.0,0.0,0.0,0.0,0.0,0.0,0.0,0.0,0.0,0.0,0.0,0.0,0.0,0.0,0.0,0.0,0.0,0.0,0.00021,0.0,0.0,0.064,0.0010400000000000001,0.00103,1.9957,1.84325,1.8406200000000001,5.69649,5.8848400000000005,5.88316,16.78893,16.7941,16.7936,24.54532,24.523239999999998,24.518420000000003,-0.022080000000000002,-0.0269
965.45,0.0,0.0,0.0,0.0,0.0,0.0,0.0,0.0,0.0,0.0,0.0,0.0,0.0,0.0,0.0,0.0,0.0,0.0,0.0,0.0,0.0,0.00014,0.0,0.0,0.046810000000000004,0.00029,0.00029,1.70192,1.4769,1.4744899999999999,5.4356800000000005,5.62674,5.62489,16.70748,16.71105,16.71048,23.89203,23.81498,23.81014,-0.07705,-0.08189
989.225,0.0,0.0,0.0,0.0,0.0,0.0,0.0,0.0,0.0,0.0,0.0,0.0,0.0,0.0,0.0,0.0,0.0,0.0,0.0,0.0,0.0,0.0001,0.0,0.0,0.0348,7e-05,7e-05,1.4411200000000002,1.1540700000000002,1.15192,5.16407,5.35217,5.350169999999999,16.61709,16.61816,16.61751,23.257179999999998,23.12448,23.11966,-0.1327,-0.13752
1013.0,0.0,0.0,0.0,0.0,0.0,0.0,0.0,0.0,0.0,0.0,0.0,0.0,0.0,0.0,0.0,0.0,0.0,0.0,0.0,0.0,0.0,7e-05,0.0,0.0,0.02628,1e-05,1e-05,1.21261,0.87764,0.87577,4.88395,5.06248,5.06032,16.517229999999998,16.514689999999998,16.513939999999998,22.64014,22.454810000000002,22.450039999999998,-0.18533,-0.1901
